27473;# doc = ras_serb.2.txt;;;;;;;;;;;;;;;;
27474;# speaker = Суф;;;;;;;;;;;;;;;;
27475;# sent = 2007;;;;;;;;;;;;;;;;
27476;;Расшифровки;РАСШИФРОВКА;S f inan nom pl;;;   _Расшифровки_ , изучение диалектов;и;к;в;о;р;ф;S;РАСШИФРОВКА;S f inan acc pl;А
27477;;,;,;PUNCT;;;;;;;;;;PUNCT;;;
27478;;изучение;ИЗУЧЕНИЕ;S n inan nom sg;;; Расшифровки , _изучение_ диалектов . ;е;и;н;е;ч;у;S;ИЗУЧЕНИЕ;S n inan nom sg;Е
27479;;диалектов;ДИАЛЕКТ;S m inan gen pl;;;Расшифровки , изучение _диалектов_ .  ;в;о;т;к;е;л;S;ДИАЛЕКТ;S m inan gen pl;Т
27480;;.;.;PUNCT;;;;;;;;;;PUNCT;;;
27481;;;;;;;;;;;;;;;;;
27482;# sent = 2008;;;;;;;;;;;;;;;;
27483;;Поэтому;ПОЭТОМУ;ADV -;;;.   _Поэтому_ давайте мы возьмём;у;м;о;т;э;о;ADV;ПОЭТОМУ;ADV -;У
27484;;давайте;ДАВАТЬ;V ipf - pl imper - 2p;;;  Поэтому _давайте_ мы возьмём первый;е;т;й;а;в;а;V;ДАВАТЬ;V ipf - pl imper - 2p;Ь
27485;;мы;МЫ;SPRO pl 1p - nom;;; Поэтому давайте _мы_ возьмём первый выпуск;ы;м;;;;;SPRO;МЫ;SPRO pl 1p - nom;Ы
27486;;возьмём;ВЗЯТЬ;V pf - pl imper - 1p;;;Поэтому давайте мы _возьмём_ первый выпуск Нокии;м;ё;м;ь;з;о;V;ВЗЯТЬ;V pf - pl imper - 1p;Ь
27487;;первый;ПЕРВЫЙ;ANUM - acc sg plen m inan;;;давайте мы возьмём _первый_ выпуск Нокии с;й;ы;в;р;е;п;A;ПЕРВЫЙ;A - acc sg plen m inan;Й
27488;;выпуск;ВЫПУСК;S m inan acc sg;;;мы возьмём первый _выпуск_ Нокии с диктофоном;к;с;у;п;ы;в;S;ВЫПУСК;S m inan nom sg;К
27489;;Нокии;НОКИА;S f inan gen sg;;;возьмём первый выпуск _Нокии_ с диктофоном ,;и;и;к;о;н;;S;НОКИА;S f inan nom sg;А
27490;;с;С;PR;;;первый выпуск Нокии _с_ диктофоном , засунем;с;;;;;;PR;С;PR;С
27491;;диктофоном;ДИКТОФОН;S m inan ins sg;;;выпуск Нокии с _диктофоном_ , засунем его;м;о;н;о;ф;о;S;ДИКТОФОН;S m inan ins sg;Н
27492;;,;,;PUNCT;;;;;;;;;;PUNCT;;;
27493;;засунем;ЗАСУНУТЬ;V pf - pl imper - 1p;;;с диктофоном , _засунем_ его в ведро;м;е;н;у;с;а;V;ЗАСУНУТЬ;V pf - pl imper - 1p;Ь
27494;;его;ОН;SPRO sg 3p m acc;;;диктофоном , засунем _его_ в ведро ,;о;г;е;;;;SPRO;ЕГО;A - nonflex - plen - -;Н
27495;;в;В;PR;;;, засунем его _в_ ведро , это;в;;;;;;PR;В;PR;В
27496;;ведро;ВЕДРО;S n inan acc sg;;;засунем его в _ведро_ , это ведро;о;р;д;е;в;;S;ВЕДРО;S n inan acc sg;О
27497;;,;,;PUNCT;;;;;;;;;;PUNCT;;;
27498;;это;ЭТОТ;APRO - acc sg plen n -;;;в ведро , _это_ ведро мы положим;о;т;э;;;;APRO;ЭТОТ;A - acc sg plen n -;Т
27499;;ведро;ВЕДРО;S n inan nom sg;;;ведро , это _ведро_ мы положим в;о;р;д;е;в;;S;ВЕДРО;S n inan nom sg;О
27500;;мы;МЫ;SPRO pl 1p - nom;;;, это ведро _мы_ положим в тазик;ы;м;;;;;SPRO;МЫ;SPRO pl 1p - nom;Ы
27501;;положим;ПОЛОЖИТЬ;V pf - pl imper - 1p;;;это ведро мы _положим_ в тазик ,;м;и;ж;о;л;о;V;ПОЛОЖИТЬ;V pf - pl imper - 1p;Ь
27502;;в;В;PR;;;ведро мы положим _в_ тазик , с;в;;;;;;PR;В;PR;В
27503;;тазик;ТАЗИК;S m inan acc sg;;;мы положим в _тазик_ , с этим;к;и;з;а;т;;S;ТАЗИК;S m inan acc sg;К
27504;;,;,;PUNCT;;;;;;;;;;PUNCT;;;
27505;;с;С;PR;;;в тазик , _с_ этим тазиком мы;с;;;;;;PR;С;PR;С
27506;;этим;ЭТОТ;APRO - ins sg plen - -;;;тазик , с _этим_ тазиком мы пойдём;м;и;т;э;;;APRO;ЭТОТ;A - dat pl plen - -;Т
27507;;тазиком;ТАЗИК;S m inan ins sg;;;, с этим _тазиком_ мы пойдём в;м;о;к;и;з;а;S;ТАЗИК;S m inan ins sg;К
27508;;мы;МЫ;SPRO pl 1p - nom;;;с этим тазиком _мы_ пойдём в первые;ы;м;;;;;SPRO;МЫ;SPRO pl 1p - nom;Ы
27509;;пойдём;ПОЙТИ;V pf - pl imper - 1p;;;этим тазиком мы _пойдём_ в первые ряды;м;ё;д;й;о;п;V;ПОЙТИ;V pf - pl imper - 1p;И
27510;;в;В;PR;;;тазиком мы пойдём _в_ первые ряды деткорщиков;в;;;;;;PR;В;PR;В
27511;;первые;ПЕРВЫЙ;ANUM - acc pl plen - inan;;;мы пойдём в _первые_ ряды деткорщиков ,;е;ы;в;р;е;п;A;ПЕРВЫЙ;A - acc pl plen - inan;Й
27512;;ряды;РЯД;S m inan acc pl;;;пойдём в первые _ряды_ деткорщиков , то есть;ы;д;я;р;;;S;РЯД;S m inan acc pl;Д
27513;;деткорщиков;ДЕТКОРЩИК;S m anim acc pl;;;в первые ряды _деткорщиков_ , то есть ,;в;о;к;и;щ;р;S;ДЕТКОРЩИК;S m anim acc pl;К
27514;;,;,;PUNCT;;;;;;;;;;PUNCT;;;
27515;;то есть;то есть;CONJ;;;ряды деткорщиков , _то есть_ , на концерт;ь;т;с;е; ;о;CONJ;то есть;ADV -;ь
27516;;,;,;PUNCT;;;;;;;;;;PUNCT;;;
27517;;на;НА;PR;;;, то есть , _на_ концерт деткора ,;а;н;;;;;PR;НА;PR;А
27518;;концерт;КОНЦЕРТ;S m inan acc sg;;;то есть , на _концерт_ деткора , встанем;т;р;е;ц;н;о;S;КОНЦЕРТ;S m inan acc sg;Т
27519;;деткора;ДЕТКОР;S m inan gen sg;;;, на концерт _деткора_ , встанем около;а;р;о;к;т;е;S;ДЕТКОР;S m inan gen sg;Р
27520;;,;,;PUNCT;;;;;;;;;;PUNCT;;;
27521;;встанем;ВСТАТЬ;V pf - pl imper - 1p;;;концерт деткора , _встанем_ около колонки и;м;е;н;а;т;с;V;ВСТАТЬ;V pf - pl imper - 1p;Ь
27522;;около;ОКОЛО;PR;;;деткора , встанем _около_ колонки и будем;о;л;о;к;о;;PR;ОКОЛО;PR;О
27523;;колонки;КОЛОНКА;S f inan gen sg;;;, встанем около _колонки_ и будем брать;и;к;н;о;л;о;S;КОЛОНКА;S f inan gen sg;А
27524;;и;И;CONJ;;;встанем около колонки _и_ будем брать интервью;и;;;;;;CONJ;И;CONJ;И
27525;;будем;БЫТЬ;V ipf - pl imper - 1p;;;около колонки и _будем_ брать интервью шёпотом;м;е;д;у;б;;V;БЫТЬ;V ipf - pl imper - 1p;Ь
27526;;брать;БРАТЬ;V ipf - - inf - -;;;колонки и будем _брать_ интервью шёпотом .;ь;т;а;р;б;;V;БРАТЬ;V ipf - - inf - -;Ь
27527;;интервью;ИНТЕРВЬЮ;S n inan acc sg;;;и будем брать _интервью_ шёпотом . ;ю;ь;в;р;е;т;S;ИНТЕРВЬЮ;S n inan nonflex -;Ю
27528;;шёпотом;ШЕПОТ;ADV -;;;будем брать интервью _шёпотом_ .  ;м;о;т;о;п;ё;S;ШЕПОТ;S m inan ins sg;Т
27529;;.;.;PUNCT;;;;;;;;;;PUNCT;;;
27530;;;;;;;;;;;;;;;;;
27531;# sent = 2009;;;;;;;;;;;;;;;;
27532;;Вот;ВОТ;PART;;;.   _Вот_ примерно такое качество;т;о;в;;;;PART;ВОТ;PART;Т
27533;;примерно;ПРИМЕРНО;ADV -;;;  Вот _примерно_ такое качество звучания;о;н;р;е;м;и;ADV;ПРИМЕРНО;ADV -;О
27534;;такое;ТАКОЙ;APRO - nom sg plen n -;;; Вот примерно _такое_ качество звучания .;е;о;к;а;т;;APRO;ТАКОЙ;A - nom sg plen n -;Й
27535;;качество;КАЧЕСТВО;S n inan nom sg;;;Вот примерно такое _качество_ звучания . ;о;в;т;с;е;ч;S;КАЧЕСТВО;S n inan nom sg;О
27536;;звучания;ЗВУЧАНИЕ;S n inan gen sg;;;примерно такое качество _звучания_ .  ;я;и;н;а;ч;у;S;ЗВУЧАНИЕ;S n inan gen sg;Е
27537;;.;.;PUNCT;;;;;;;;;;PUNCT;;;
27538;;;;;;;;;;;;;;;;;
27539;# sent = 2010;;;;;;;;;;;;;;;;
27540;;Я;Я;SPRO sg 1p - nom;;;.   _Я_ приходил домой ,;я;;;;;;SPRO;Я;SPRO sg 1p - nom;Я
27541;;приходил;ПРИХОДИТЬ;V ipf praet sg indic m -;;;  Я _приходил_ домой , я;л;и;д;о;х;и;V;ПРИХОДИТЬ;V ipf praet sg indic m -;Ь
27542;;домой;ДОМОЙ;ADV -;;; Я приходил _домой_ , я оде;й;о;м;о;д;;ADV;ДОМОЙ;ADV -;Й
27543;;,;,;PUNCT;;;;;;;;;;PUNCT;;;
27544;;я;Я;SPRO sg 1p - nom;;;приходил домой , _я_ оде … ну;я;;;;;;SPRO;Я;SPRO sg 1p - nom;Я
27545;;оде;ОДА;NONLEX;слитно;;домой , я _оде_ … ну …;е;д;о;;;;S;ОДА;S f inan loc sg;А
27546;;…;…;PUNCT;;;;;;;;;;PUNCT;;;
27547;;ну;НУ;PART;;;я оде … _ну_ … надевал наушнички;у;н;;;;;PART;НУ;PART;У
27548;;…;…;PUNCT;;;;;;;;;;PUNCT;;;
27549;;надевал;НАДЕВАТЬ;V ipf praet sg indic m -;;;… ну … _надевал_ наушнички , динамик;л;а;в;е;д;а;V;НАДЕВАТЬ;V ipf praet sg indic m -;Ь
27550;;наушнички;НАУШНИЧЕК;S m inan acc pl;;;ну … надевал _наушнички_ , динамик выкручивал;и;к;ч;и;н;ш;S;НАУШНИЧОК;S m inan acc pl;К
27551;;,;,;PUNCT;;;;;;;;;;PUNCT;;;
27552;;динамик;ДИНАМИК;S m inan nom sg;;;надевал наушнички , _динамик_ выкручивал на сотку;к;и;м;а;н;и;S;ДИНАМИК;S m inan nom sg;К
27553;;выкручивал;ВЫКРУЧИВАТЬ;V ipf praet sg indic m -;;;наушнички , динамик _выкручивал_ на сотку ,;л;а;в;и;ч;у;V;ВЫКРУЧИВАТЬ;V ipf praet sg indic m -;Ь
27554;;на;НА;PR;;;, динамик выкручивал _на_ сотку , там;а;н;;;;;PR;НА;PR;А
27555;;сотку;СОТКА;S f inan acc sg;;;динамик выкручивал на _сотку_ , там что-то;у;к;т;о;с;;S;СОТКА;S f inan acc sg;А
27556;;,;,;PUNCT;;;;;;;;;;PUNCT;;;
27557;;там;ТАМ;PART;;;на сотку , _там_ что-то типа :;м;а;т;;;;ADV;ТАМ;ADV -;М
27558;;что-то;ЧТО-ТО;SPRO n inan acc sg;;;сотку , там _что-то_ типа : «;о;т;-;о;т;ч;SPRO;ЧТО-ТО;S n - acc sg;О
27559;;типа;ТИПА;PART;;;, там что-то _типа_ : « Дорогой;а;п;и;т;;;PART;ТИПА;PART;А
27560;;:;:;PUNCT;;;;;;;;;;PUNCT;;;
27561;;«;«;PUNCT;;;;;;;;;;PUNCT;;;
27562;;Дорогой;ДОРОГОЙ;A m anim nom sg;;;типа : « _Дорогой_ Вячеслав Иванович ,;й;о;г;о;р;о;S;ДОРОГОЙ;S m anim nom sg;Й
27563;;Вячеслав;ВЯЧЕСЛАВ;S persn m anim nom sg;;;: « Дорогой _Вячеслав_ Иванович , как;в;а;л;с;е;ч;S;ВЯЧЕСЛАВ;S m anim nom sg;В
27564;;Иванович;ИВАНОВИЧ;S patrn m anim nom sg;;;« Дорогой Вячеслав _Иванович_ , как вы;ч;и;в;о;н;а;S;ИВАНОВИЧ;S m anim nom sg;Ч
27565;;,;,;PUNCT;;;;;;;;;;PUNCT;;;
27566;;как;КАК;CONJ;;;Вячеслав Иванович , _как_ вы там …;к;а;к;;;;CONJ;КАК;CONJ;К
27567;;вы;ВЫ;SPRO pl 2p - nom;;;Иванович , как _вы_ там … ;ы;в;;;;;SPRO;ВЫ;SPRO pl 2p - nom;Ы
27568;;там;ТАМ;ADVPRO;;;, как вы _там_ …  ;м;а;т;;;;ADV;ТАМ;ADV -;М
27569;;…;…;PUNCT;;;;;;;;;;PUNCT;;;
27570;;;;;;;;;;;;;;;;;
27571;# sent = 2011;;;;;;;;;;;;;;;;
27572;;Ну;НУ;PART;;;…   _Ну_  ща ;у;н;;;;;PART;НУ;PART;У
27573;"<distinct form=""";;;;;;;;;;;;;;;;
27574;<dist>;ща;;;;;;;;;;;;;;;
27575;""">";;;;;;;;;;;;;;;;
27576;;сейчас;СЕЙЧАС;ADV -;;; ща  _сейчас_  я тебе;с;а;ч;й;е;с;ADV;СЕЙЧАС;ADV -;С
27577;</distinct>;;;;;;;;;;;;;;;;
27578;;я;Я;SPRO sg 1p - nom;;; сейчас  _я_ тебе расскажу как;я;;;;;;SPRO;Я;SPRO sg 1p - nom;Я
27579;;тебе;ТЫ;SPRO sg 2p - dat;;;сейчас  я _тебе_ расскажу как мы;е;б;е;т;;;SPRO;ТЫ;SPRO sg 2p - dat;Ы
27580;;расскажу;РАССКАЗАТЬ;V pf fut sg indic - 1p;;; я тебе _расскажу_ как мы ,;у;ж;а;к;с;с;V;РАССКАЗАТЬ;V pf fut sg indic - 1p;Ь
27581;;как;КАК;CONJ;;;я тебе расскажу _как_ мы , короче;к;а;к;;;;CONJ;КАК;CONJ;К
27582;;мы;МЫ;SPRO pl 1p - nom;;;тебе расскажу как _мы_ , короче ,;ы;м;;;;;SPRO;МЫ;SPRO pl 1p - nom;Ы
27583;;,;,;PUNCT;;;;;;;;;;PUNCT;;;
27584;;короче;КОРОЧЕ;PARENTH;;;как мы , _короче_ , картошку тыбзили;е;ч;о;р;о;к;ADV;КОРОЧЕ;ADV comp;Е
27585;;,;,;PUNCT;;;;;;;;;;PUNCT;;;
27586;;картошку;КАРТОШКА;S f inan acc sg;;;, короче , _картошку_ тыбзили » .;у;к;ш;о;т;р;S;КАРТОШКА;S f inan acc sg;А
27587;;тыбзили;ТЫБЗИТЬ;V ipf praet pl indic - -;;;короче , картошку _тыбзили_ » . ;и;л;и;з;б;ы;S;ТЫБЗИЛЯ;S f anim loc sg;Ь
27588;;»;»;PUNCT;;;;;;;;;;PUNCT;;;
27589;;.;.;PUNCT;;;;;;;;;;PUNCT;;;
27590;;;;;;;;;;;;;;;;;
27591;# sent = 2012;;;;;;;;;;;;;;;;
27592;;И;И;CONJ;;;.   _И_ ты такой …;и;;;;;;CONJ;И;CONJ;И
27593;;ты;ТЫ;SPRO sg 2p - nom;;;  И _ты_ такой … ;ы;т;;;;;SPRO;ТЫ;SPRO sg 2p - nom;Ы
27594;;такой;ТАКОЙ;APRO - nom sg plen m -;;; И ты _такой_ …  ;й;о;к;а;т;;APRO;ТАКОЙ;A - nom sg plen m -;Й
27595;;…;…;PUNCT;;;;;;;;;;PUNCT;;;
27596;;;;;;;;;;;;;;;;;
27597;# sent = 2013;;;;;;;;;;;;;;;;
27598;;И;И;CONJ;;;…   _И_ в один момент;и;;;;;;CONJ;И;CONJ;И
27599;;в;В;PR;;;  И _в_ один момент прибегает;в;;;;;;PR;В;PR;В
27600;;один;ОДИН;ANUM - acc sg plen m inan;;; И в _один_ момент прибегает ребёнок;н;и;д;о;;;ANUM;ОДИН;A - acc sg plen m inan;Н
27601;;момент;МОМЕНТ;S m inan acc sg;;;И в один _момент_ прибегает ребёнок и;т;н;е;м;о;м;S;МОМЕНТ;S m inan acc sg;Т
27602;;прибегает;ПРИБЕГАТЬ;V ipf praes sg indic - 3p;;;в один момент _прибегает_ ребёнок и такой;т;е;а;г;е;б;V;ПРИБЕГАТЬ;V ipf praes sg indic - 3p;Ь
27603;;ребёнок;РЕБЕНОК;S m anim nom sg;;;один момент прибегает _ребёнок_ и такой :;к;о;н;ё;б;е;S;РЕБЕНОК;S m anim nom sg;К
27604;;и;И;CONJ;;;момент прибегает ребёнок _и_ такой : «;и;;;;;;CONJ;И;CONJ;И
27605;;такой;ТАКОЙ;APRO - nom sg plen m -;;;прибегает ребёнок и _такой_ : « Аааа;й;о;к;а;т;;APRO;ТАКОЙ;A - nom sg plen m -;Й
27606;;:;:;PUNCT;;;;;;;;;;PUNCT;;;
27607;;«;«;PUNCT;;;;;;;;;;PUNCT;;;
27608;;Аааа;АААА;INTJ;;;такой : « _Аааа_ ! » ;а;а;а;а;;;INTJ;АААА;S m anim nonflex -;А
27609;;!;!;PUNCT;;;;;;;;;;PUNCT;;;
27610;;»;»;PUNCT;;;;;;;;;;PUNCT;;;
27611;;;;;;;;;;;;;;;;;
27612;# sent = 2014;;;;;;;;;;;;;;;;
27613;;А;А;CONJ;;;»   _А_ у меня динамик;а;;;;;;CONJ;А;CONJ;А
27614;;у;У;PR;;;  А _у_ меня динамик на;у;;;;;;PR;У;PR;У
27615;;меня;Я;SPRO sg 1p - acc;;; А у _меня_ динамик на сотку;я;н;е;м;;;SPRO;Я;SPRO sg 1p - acc;Я
27616;;динамик;ДИНАМИК;S m inan nom sg;;;А у меня _динамик_ на сотку ,;к;и;м;а;н;и;S;ДИНАМИК;S m inan nom sg;К
27617;;на;НА;PR;;;у меня динамик _на_ сотку , у;а;н;;;;;PR;НА;PR;А
27618;;сотку;СОТКА;S f inan acc sg;;;меня динамик на _сотку_ , у меня;у;к;т;о;с;;S;СОТКА;S f inan acc sg;А
27619;;,;,;PUNCT;;;;;;;;;;PUNCT;;;
27620;;у;У;PR;;;на сотку , _у_ меня просто волосы;у;;;;;;PR;У;PR;У
27621;;меня;Я;SPRO sg 1p - acc;;;сотку , у _меня_ просто волосы ,;я;н;е;м;;;SPRO;Я;SPRO sg 1p - acc;Я
27622;;просто;ПРОСТО;PART;;;, у меня _просто_ волосы , такой;о;т;с;о;р;п;PART;ПРОСТО;PART;О
27623;;волосы;ВОЛОС;S m inan nom pl;;;у меня просто _волосы_ , такой …;ы;с;о;л;о;в;S;ВОЛОС;S m inan nom pl;С
27624;;,;,;PUNCT;;;;;;;;;;PUNCT;;;
27625;;такой;ТАКОЙ;APRO - gen sg plen f -;;;просто волосы , _такой_ …  ;й;о;к;а;т;;APRO;ТАКОЙ;A - gen sg plen f -;Й
27626;;…;…;PUNCT;;;;;;;;;;PUNCT;;;
27627;;;;;;;;;;;;;;;;;
27628;# sent = 2015;;;;;;;;;;;;;;;;
27629;;«;«;PUNCT;;;;;;;;;;PUNCT;;;
27630;"<distinct form=""";;;;;;;;;;;;;;;;
27631;<dist>;Чё;;;;;;;;;;;;;;;
27632;""">";;;;;;;;;;;;;;;;
27633;;Что;ЧТО;SPRO n inan nom sg;;; Чё  _Что_  ? ;о;т;ч;;;;SPRO;ЧТО;S n - acc sg;О
27634;</distinct>;;;;;;;;;;;;;;;;
27635;;?;?;PUNCT;;;;;;;;;;PUNCT;;;
27636;;;;;;;;;;;;;;;;;
27637;# sent = 2016;;;;;;;;;;;;;;;;
27638;;Где;ГДЕ;ADV -;;;?   _Где_ пауза ? »;е;д;г;;;;ADV;ГДЕ;ADV -;Е
27639;;пауза;ПАУЗА;S f inan nom sg;;;  Где _пауза_ ? » ;а;з;у;а;п;;S;ПАУЗА;S f inan nom sg;А
27640;;?;?;PUNCT;;;;;;;;;;PUNCT;;;
27641;;»;»;PUNCT;;;;;;;;;;PUNCT;;;
27642;;;;;;;;;;;;;;;;;
27643;# sent = 2017;;;;;;;;;;;;;;;;
27644;# speaker = Суф;;;;;;;;;;;;;;;;
27645;# sent = 2018;;;;;;;;;;;;;;;;
27646;;И;И;CONJ;;;   _И_ тут вот эта;и;;;;;;CONJ;И;CONJ;И
27647;;тут;ТУТ;ADV -;;;  И _тут_ вот эта тётка;т;у;т;;;;ADV;ТУТ;ADV -;Т
27648;;вот;ВОТ;PART;;; И тут _вот_ эта тётка ,;т;о;в;;;;PART;ВОТ;PART;Т
27649;;эта;ЭТОТ;APRO - nom sg plen f -;;;И тут вот _эта_ тётка , которая;а;т;э;;;;APRO;ЭТОТ;A - nom sg plen f -;Т
27650;;тётка;ТЕТКА;S f anim nom sg;;;тут вот эта _тётка_ , которая берёт;а;к;т;ё;т;;S;ТЕТКА;S f anim nom sg;А
27651;;,;,;PUNCT;;;;;;;;;;PUNCT;;;
27652;;которая;КОТОРЫЙ;APRO - nom sg plen f -;;;эта тётка , _которая_ берёт , она;я;а;р;о;т;о;APRO;КОТОРЫЙ;A - nom sg plen f -;Й
27653;;берёт;БРАТЬ;V ipf praes sg indic - 3p;;;тётка , которая _берёт_ , она ближе;т;ё;р;е;б;;V;БРАТЬ;V ipf praes sg indic - 3p;Ь
27654;;,;,;PUNCT;;;;;;;;;;PUNCT;;;
27655;;она;ОНА;SPRO sg 3p f nom;;;которая берёт , _она_ ближе к диктофону;а;н;о;;;;SPRO;ОНА;SPRO sg 3p f nom;А
27656;;ближе;БЛИЗКО;ADV comp;;;берёт , она _ближе_ к диктофону ,;е;ж;и;л;б;;ADV;БЛИЗКО;ADV comp;О
27657;;к;К;PR;;;, она ближе _к_ диктофону , она;к;;;;;;PR;К;PR;К
27658;;диктофону;ДИКТОФОН;S m inan dat sg;;;она ближе к _диктофону_ , она орёт;у;н;о;ф;о;т;S;ДИКТОФОН;S m inan dat sg;Н
27659;;,;,;PUNCT;;;;;;;;;;PUNCT;;;
27660;;она;ОНА;SPRO sg 3p f nom;;;к диктофону , _она_ орёт : «;а;н;о;;;;SPRO;ОНА;SPRO sg 3p f nom;А
27661;;орёт;ОРАТЬ;V ipf praes sg indic - 3p;;;диктофону , она _орёт_ : « Матвей;т;ё;р;о;;;V;ОРАТЬ;V ipf praes sg indic - 3p;Ь
27662;;:;:;PUNCT;;;;;;;;;;PUNCT;;;
27663;;«;«;PUNCT;;;;;;;;;;PUNCT;;;
27664;;Матвей;МАТВЕЙ;S persn m anim nom sg;;;орёт : « _Матвей_ , заткнись !;й;е;в;т;а;м;S;МАТВЕЙ;S m anim nom sg;Й
27665;;,;,;PUNCT;;;;;;;;;;PUNCT;;;
27666;;заткнись;ЗАТКНУТЬСЯ;V pf - sg imper - 2p;;;« Матвей , _заткнись_ ! » ;ь;с;и;н;к;т;V;ЗАТКНУТЬСЯ;V pf - sg imper - 2p;Я
27667;;!;!;PUNCT;;;;;;;;;;PUNCT;;;
27668;;»;»;PUNCT;;;;;;;;;;PUNCT;;;
27669;;;;;;;;;;;;;;;;;
27670;# sent = 2019;;;;;;;;;;;;;;;;
27671;;И;И;CONJ;;;»   _И_ мои перепонки просто;и;;;;;;CONJ;И;CONJ;И
27672;;мои;МОЙ;APRO - nom pl plen - -;;;  И _мои_ перепонки просто пуххх;и;о;м;;;;APRO;МОЙ;A - nom pl plen - -;Й
27673;;перепонки;ПЕРЕПОНКА;S f inan nom pl;;; И мои _перепонки_ просто пуххх !;и;к;н;о;п;е;S;ПЕРЕПОНКА;S f inan nom pl;А
27674;;просто;ПРОСТО;PART;;;И мои перепонки _просто_ пуххх ! ;о;т;с;о;р;п;PART;ПРОСТО;PART;О
27675;;пуххх;ПУХХХ;NONLEX;;;мои перепонки просто _пуххх_ !  ;х;х;х;у;п;;NONLEX;ПУХХХ;NONLEX;Х
27676;;!;!;PUNCT;;;;;;;;;;PUNCT;;;
27677;;;;;;;;;;;;;;;;;
27678;# sent = 2020;;;;;;;;;;;;;;;;
27679;;Это;ЭТО;SPRO n - nom sg;;;!   _Это_ вот как в;о;т;э;;;;SPRO;ЭТО;S n - nom sg;О
27680;;вот;ВОТ;PART;;;  Это _вот_ как в мультиках;т;о;в;;;;PART;ВОТ;PART;Т
27681;;как;КАК;CONJ;;; Это вот _как_ в мультиках ,;к;а;к;;;;CONJ;КАК;CONJ;К
27682;;в;В;PR;;;Это вот как _в_ мультиках , ты;в;;;;;;PR;В;PR;В
27683;;мультиках;МУЛЬТИК;S m inan loc pl;;;вот как в _мультиках_ , ты такой;х;а;к;и;т;ь;S;МУЛЬТИК;S m inan loc pl;К
27684;;,;,;PUNCT;;;;;;;;;;PUNCT;;;
27685;;ты;ТЫ;SPRO sg 2p - nom;;;в мультиках , _ты_ такой эээ ,;ы;т;;;;;SPRO;ТЫ;SPRO sg 2p - nom;Ы
27686;;такой;ТАКОЙ;APRO - nom sg plen m -;;;мультиках , ты _такой_ эээ , вот;й;о;к;а;т;;APRO;ТАКОЙ;A - nom sg plen m -;Й
27687;;эээ;ЭЭЭ;NONLEX;;;, ты такой _эээ_ , вот это;э;э;э;;;;NONLEX;ЭЭЭ;NONLEX;Э
27688;;,;,;PUNCT;;;;;;;;;;PUNCT;;;
27689;;вот;ВОТ;PART;;;такой эээ , _вот_ это было так же;т;о;в;;;;PART;ВОТ;PART;Т
27690;;это;ЭТО;SPRO n - nom sg;;;эээ , вот _это_ было так же .;о;т;э;;;;SPRO;ЭТО;S n - nom sg;О
27691;;было;БЫТЬ;V ipf praet sg indic n -;;;, вот это _было_ так же . ;о;л;ы;б;;;V;БЫТЬ;V ipf praet sg indic n -;Ь
27692;;так же;так же;ADV -;;;вот это было _так же_ .  ;е;ж; ;к;а;т;ADV;так же;ADV -;е
27693;;.;.;PUNCT;;;;;;;;;;PUNCT;;;
27694;;;;;;;;;;;;;;;;;
27695;# sent = 2021;;;;;;;;;;;;;;;;
27696;;Это;ЭТО;SPRO n - nom sg;;;.   _Это_ капец просто …;о;т;э;;;;SPRO;ЭТО;S n - nom sg;О
27697;;капец;КАПЕЦ;PART;;;  Это _капец_ просто … ;ц;е;п;а;к;;S;КАПЕЦ;S m anim nom sg;Ц
27698;;просто;ПРОСТО;PART;;; Это капец _просто_ …  ;о;т;с;о;р;п;PART;ПРОСТО;PART;О
27699;;…;…;PUNCT;;;;;;;;;;PUNCT;;;
27700;;;;;;;;;;;;;;;;;
27701;# sent = 2022;;;;;;;;;;;;;;;;
27702;;Да;ДА;PART;;;…   _Да_ , кстати ,;а;д;;;;;CONJ;ДА;CONJ;А
27703;;,;,;PUNCT;;;;;;;;;;PUNCT;;;
27704;;кстати;КСТАТИ;PARENTH;;; Да , _кстати_ , я сделал;и;т;а;т;с;к;ADV;КСТАТИ;ADV -;И
27705;;,;,;PUNCT;;;;;;;;;;PUNCT;;;
27706;;я;Я;SPRO sg 1p - nom;;;, кстати , _я_ сделал практику ,;я;;;;;;SPRO;Я;SPRO sg 1p - nom;Я
27707;;сделал;СДЕЛАТЬ;V pf praet sg indic m -;;;кстати , я _сделал_ практику , а;л;а;л;е;д;с;V;СДЕЛАТЬ;V pf praet sg indic m -;Ь
27708;;практику;ПРАКТИКА;S f inan acc sg;;;, я сделал _практику_ , а эта;у;к;и;т;к;а;S;ПРАКТИКА;S f inan acc sg;А
27709;;,;,;PUNCT;;;;;;;;;;PUNCT;;;
27710;;а;А;CONJ;;;сделал практику , _а_ эта тварь мне;а;;;;;;CONJ;А;CONJ;А
27711;;эта;ЭТОТ;APRO - nom sg plen f -;;;практику , а _эта_ тварь мне не;а;т;э;;;;APRO;ЭТОТ;A - nom sg plen f -;Т
27712;;тварь;ТВАРЬ;S f anim nom sg;;;, а эта _тварь_ мне не отдала;ь;р;а;в;т;;S;ТВАРЬ;S f anim nom sg;Ь
27713;;мне;Я;SPRO sg 1p - dat;;;а эта тварь _мне_ не отдала косарь;е;н;м;;;;SPRO;Я;SPRO sg 1p - dat;Я
27714;;не;НЕ;PART;;;эта тварь мне _не_ отдала косарь .;е;н;;;;;PART;НЕ;PART;Е
27715;;отдала;ОТДАТЬ;V pf praet sg indic f -;;;тварь мне не _отдала_ косарь . ;а;л;а;д;т;о;V;ОТДАТЬ;V pf praet sg indic f -;Ь
27716;;косарь;КОСАРЬ;S m inan acc sg;;;мне не отдала _косарь_ .  ;ь;р;а;с;о;к;S;КОСАРЬ;S m inan acc sg;Ь
27717;;.;.;PUNCT;;;;;;;;;;PUNCT;;;
27718;;;;;;;;;;;;;;;;;
27719;# sent = 2023;;;;;;;;;;;;;;;;
27720;;Никифорова;НИКИФОРОВ;S patrn f anim acc sg;;;.   _Никифорова_ , ты то;а;в;о;р;о;ф;S;НИКИФОРОВ;S m anim acc sg;В
27721;;,;,;PUNCT;;;;;;;;;;PUNCT;;;
27722;;ты;ТЫ;SPRO sg 2p - nom;;; Никифорова , _ты_ то … ;ы;т;;;;;SPRO;ТЫ;SPRO sg 2p - nom;Ы
27723;;то;ТО;NONLEX;слитно;;Никифорова , ты _то_ …  ;о;т;;;;;PART;ТО;PART;О
27724;;…;…;PUNCT;;;;;;;;;;PUNCT;;;
27725;;;;;;;;;;;;;;;;;
27726;# sent = 2024;;;;;;;;;;;;;;;;
27727;;торчишь;ТОРЧАТЬ;V ipf praes sg indic - 2p;;;…   _торчишь_ мне косарь ,;ь;ш;и;ч;р;о;V;ТОРЧАТЬ;V ipf praes sg indic - 2p;Ь
27728;;мне;Я;SPRO sg 1p - dat;;;  торчишь _мне_ косарь , я;е;н;м;;;;SPRO;Я;SPRO sg 1p - dat;Я
27729;;косарь;КОСАРЬ;S m inan acc sg;;; торчишь мне _косарь_ , я всё;ь;р;а;с;о;к;S;КОСАРЬ;S m anim nom sg;Ь
27730;;,;,;PUNCT;;;;;;;;;;PUNCT;;;
27731;;я;Я;SPRO sg 1p - nom;;;мне косарь , _я_ всё помню .;я;;;;;;SPRO;Я;SPRO sg 1p - nom;Я
27732;;всё;ВСЕ;S - - acc sg;;;косарь , я _всё_ помню . ;ё;с;в;;;;S;ВСЕ;S - - acc pl;Е
27733;;помню;ПОМНИТЬ;V ipf praes sg indic - 1p;;;, я всё _помню_ .  ;ю;н;м;о;п;;V;ПОМНИТЬ;V ipf praes sg indic - 1p;Ь
27734;;.;.;PUNCT;;;;;;;;;;PUNCT;;;
27735;;;;;;;;;;;;;;;;;
27736;# sent = 2025;;;;;;;;;;;;;;;;
27737;;Надо;НАДО;PRAEDIC;;;.   _Надо_ написать ей ,;о;д;а;н;;;PRAEDIC;НАДО;ADV -;О
27738;;написать;НАПИСАТЬ;V pf - - inf - -;;;  Надо _написать_ ей , кстати;ь;т;а;с;и;п;V;НАПИСАТЬ;V pf - - inf - -;Ь
27739;;ей;ОНА;SPRO sg 3p f dat;;; Надо написать _ей_ , кстати .;й;е;;;;;SPRO;ОНА;SPRO sg 3p f dat;А
27740;;,;,;PUNCT;;;;;;;;;;PUNCT;;;
27741;;кстати;КСТАТИ;PARENTH;;;написать ей , _кстати_ .  ;и;т;а;т;с;к;ADV;КСТАТИ;ADV -;И
27742;;.;.;PUNCT;;;;;;;;;;PUNCT;;;
27743;;;;;;;;;;;;;;;;;
27744;# sent = 2026;;;;;;;;;;;;;;;;
27745;;Так;ТАК;PART;;;.   _Так_ о чём я;к;а;т;;;;ADV;ТАК;ADV -;К
27746;;о;О;PR;;;  Так _о_ чём я рассказывал;о;;;;;;PR;О;PR;О
27747;;чём;ЧТО;SPRO n inan loc sg;;; Так о _чём_ я рассказывал ?;м;ё;ч;;;;SPRO;ЧТО;S n - loc sg;О
27748;;я;Я;SPRO sg 1p - nom;;;Так о чём _я_ рассказывал ? ;я;;;;;;SPRO;Я;SPRO sg 1p - nom;Я
27749;;рассказывал;РАССКАЗЫВАТЬ;V ipf praet sg indic m -;;;о чём я _рассказывал_ ?  ;л;а;в;ы;з;а;V;РАССКАЗЫВАТЬ;V ipf praet sg indic m -;Ь
27750;;?;?;PUNCT;;;;;;;;;;PUNCT;;;
27751;;;;;;;;;;;;;;;;;
27752;# sent = 2027;;;;;;;;;;;;;;;;
27753;;О;О;PR;;;?   _О_ Сербии , по-моему;о;;;;;;PR;О;PR;О
27754;;Сербии;СЕРБИЯ;S f inan loc sg;;;  О _Сербии_ , по-моему .;и;и;б;р;е;с;S;СЕРБИЯ;S f inan loc sg;Я
27755;;,;,;PUNCT;;;;;;;;;;PUNCT;;;
27756;;по-моему;ПО-МОЕМУ;PARENTH;;;О Сербии , _по-моему_ .  ;у;м;е;о;м;-;ADV;ПО-МОЕМУ;ADV -;У
27757;;.;.;PUNCT;;;;;;;;;;PUNCT;;;
27758;;;;;;;;;;;;;;;;;
27759;# sent = 2028;;;;;;;;;;;;;;;;
27760;# speaker = Суф;;;;;;;;;;;;;;;;
27761;# sent = 2029;;;;;;;;;;;;;;;;
27762;;А;А;CONJ;;;   _А_ , вот .;а;;;;;;CONJ;А;CONJ;А
27763;;,;,;PUNCT;;;;;;;;;;PUNCT;;;
27764;;вот;ВОТ;PART;;; А , _вот_ .  ;т;о;в;;;;PART;ВОТ;PART;Т
27765;;.;.;PUNCT;;;;;;;;;;PUNCT;;;
27766;;;;;;;;;;;;;;;;;
27767;# sent = 2030;;;;;;;;;;;;;;;;
27768;;Ну;НУ;PART;;;.   _Ну_ , короче ,;у;н;;;;;PART;НУ;PART;У
27769;;,;,;PUNCT;;;;;;;;;;PUNCT;;;
27770;;короче;КОРОЧЕ;PARENTH;;; Ну , _короче_ , с регистрацией;е;ч;о;р;о;к;ADV;КОРОЧЕ;ADV comp;Е
27771;;,;,;PUNCT;;;;;;;;;;PUNCT;;;
27772;;с;С;PR;;;, короче , _с_ регистрацией , мы;с;;;;;;PR;С;PR;С
27773;;регистрацией;РЕГИСТРАЦИЯ;S f inan ins sg;;;короче , с _регистрацией_ , мы решили;й;е;и;ц;а;р;S;РЕГИСТРАЦИЯ;S f inan ins sg;Я
27774;;,;,;PUNCT;;;;;;;;;;PUNCT;;;
27775;;мы;МЫ;SPRO pl 1p - nom;;;с регистрацией , _мы_ решили : насрать;ы;м;;;;;SPRO;МЫ;SPRO pl 1p - nom;Ы
27776;;решили;РЕШИТЬ;V pf praet pl indic - -;;;регистрацией , мы _решили_ : насрать так;и;л;и;ш;е;р;V;РЕШИТЬ;V pf praet pl indic - -;Ь
27777;;:;:;PUNCT;;;;;;;;;;PUNCT;;;
27778;;насрать;НАСРАТЬ;V pf - - inf - -;;;мы решили : _насрать_ так насрать ,;ь;т;а;р;с;а;V;НАСРАТЬ;V pf - - inf - -;Ь
27779;;так;ТАК;CONJ;;;решили : насрать _так_ насрать , хорошо;к;а;т;;;;ADV;ТАК;ADV -;К
27780;;насрать;НАСРАТЬ;V pf - - inf - -;;;: насрать так _насрать_ , хорошо .;ь;т;а;р;с;а;V;НАСРАТЬ;V pf - - inf - -;Ь
27781;;,;,;PUNCT;;;;;;;;;;PUNCT;;;
27782;;хорошо;ХОРОШО;PART;;;так насрать , _хорошо_ .  ;о;ш;о;р;о;х;ADV;ХОРОШО;ADV -;О
27783;;.;.;PUNCT;;;;;;;;;;PUNCT;;;
27784;;;;;;;;;;;;;;;;;
27785;# sent = 2031;;;;;;;;;;;;;;;;
27786;;Пошли;ПОЙТИ;V pf praet pl indic - -;;;.   _Пошли_ гулять в центр;и;л;ш;о;п;;V;ПОЙТИ;V pf praet pl indic - -;И
27787;;гулять;ГУЛЯТЬ;V ipf - - inf - -;;;  Пошли _гулять_ в центр .;ь;т;я;л;у;г;V;ГУЛЯТЬ;V ipf - - inf - -;Ь
27788;;в;В;PR;;; Пошли гулять _в_ центр . ;в;;;;;;PR;В;PR;В
27789;;центр;ЦЕНТР;S m inan acc sg;;;Пошли гулять в _центр_ .  ;р;т;н;е;ц;;S;ЦЕНТР;S m inan acc sg;Р
27790;;.;.;PUNCT;;;;;;;;;;PUNCT;;;
27791;;;;;;;;;;;;;;;;;
27792;# sent = 2032;;;;;;;;;;;;;;;;
27793;;Ну;НУ;PART;;;.   _Ну_ , центр ,;у;н;;;;;PART;НУ;PART;У
27794;;,;,;PUNCT;;;;;;;;;;PUNCT;;;
27795;;центр;ЦЕНТР;S m inan nom sg;;; Ну , _центр_ , он как;р;т;н;е;ц;;S;ЦЕНТР;S m inan nom sg;Р
27796;;,;,;PUNCT;;;;;;;;;;PUNCT;;;
27797;;он;ОН;SPRO sg 3p m nom;;;, центр , _он_ как пиздец центр;н;о;;;;;SPRO;ОН;SPRO sg 3p m nom;Н
27798;;как;КАК;CONJ;;;центр , он _как_ пиздец центр ,;к;а;к;;;;CONJ;КАК;CONJ;К
27799;;пиздец;ПИЗДЕЦ;S m inan nom sg;;;, он как _пиздец_ центр , ну;ц;е;д;з;и;п;S;ПИЗДЕЦ;S m inan acc sg;Ц
27800;;центр;ЦЕНТР;S m inan nom sg;;;он как пиздец _центр_ , ну нормальный;р;т;н;е;ц;;S;ЦЕНТР;S m inan nom sg;Р
27801;;,;,;PUNCT;;;;;;;;;;PUNCT;;;
27802;;ну;НУ;PART;;;пиздец центр , _ну_ нормальный типа есть;у;н;;;;;PART;НУ;PART;У
27803;;нормальный;НОРМАЛЬНЫЙ;A - nom sg plen m -;;;центр , ну _нормальный_ типа есть ...;й;ы;н;ь;л;а;A;НОРМАЛЬНЫЙ;A - nom sg plen m -;Й
27804;;типа;ТИПА;PART;;;, ну нормальный _типа_ есть ... ;а;п;и;т;;;PART;ТИПА;PART;А
27805;;есть;БЫТЬ;V ipf praes sg indic - 3p;;;ну нормальный типа _есть_ ...  ;ь;т;с;е;;;V;БЫТЬ;V ipf praes sg indic - 3p;Ь
27806;;...;...;PUNCT;;;;;;;;;;PUNCT;;;
27807;;;;;;;;;;;;;;;;;
27808;# sent = 2033;;;;;;;;;;;;;;;;
27809;;А;А;CONJ;;;...   _А_ вот там то;а;;;;;;CONJ;А;CONJ;А
27810;;вот;ВОТ;PART;;;  А _вот_ там то же;т;о;в;;;;PART;ВОТ;PART;Т
27811;;там;ТАМ;ADVPRO;;; А вот _там_ то же самое;м;а;т;;;;ADV;ТАМ;ADV -;М
27812;;то;ТОТ;A - acc sg plen n -;;;А вот там _то_ же самое .;о;т;;;;;A;ТОТ;A - acc sg plen n -;Т
27813;;же;ЖЕ;PART;;;вот там то _же_ самое . ;е;ж;;;;;PART;ЖЕ;PART;Е
27814;;самое;САМЫЙ;A - nom sg plen n -;;;там то же _самое_ .  ;е;о;м;а;с;;A;САМЫЙ;A - nom sg plen n -;Й
27815;;.;.;PUNCT;;;;;;;;;;PUNCT;;;
27816;;;;;;;;;;;;;;;;;
27817;# sent = 2034;;;;;;;;;;;;;;;;
27818;;Там;ТАМ;ADVPRO;;;.   _Там_ тусят не местные;м;а;т;;;;ADV;ТАМ;ADV -;М
27819;;тусят;ТУСИТЬ;V ipf praes pl indic - 3p;;;  Там _тусят_ не местные ,;т;я;с;у;т;;S;ТУСЕНОК;S m anim acc pl;Ь
27820;;не;НЕ;PART;;; Там тусят _не_ местные , а;е;н;;;;;PART;НЕ;PART;Е
27821;;местные;МЕСТНЫЙ;A - nom pl plen - -;;;Там тусят не _местные_ , а молодежь;е;ы;н;т;с;е;A;МЕСТНЫЙ;A - nom pl plen - -;Й
27822;;,;,;PUNCT;;;;;;;;;;PUNCT;;;
27823;;а;А;CONJ;;;не местные , _а_ молодежь , причем;а;;;;;;CONJ;А;CONJ;А
27824;;молодежь;МОЛОДЕЖЬ;S f inan nom sg;;;местные , а _молодежь_ , причем как;ь;ж;е;д;о;л;S;МОЛОДЕЖЬ;S f inan acc sg;Ь
27825;;,;,;PUNCT;;;;;;;;;;PUNCT;;;
27826;;причем;ПРИЧЕМ;CONJ;;;а молодежь , _причем_ как я сказал;м;е;ч;и;р;п;CONJ;ПРИЧЕМ;CONJ;М
27827;;как;КАК;CONJ;;;молодежь , причем _как_ я сказал местные;к;а;к;;;;CONJ;КАК;CONJ;К
27828;;я;Я;SPRO sg 1p - nom;;;, причем как _я_ сказал местные тусят;я;;;;;;SPRO;Я;SPRO sg 1p - nom;Я
27829;;сказал;СКАЗАТЬ;V pf praet sg indic m -;;;причем как я _сказал_ местные тусят где-нибудь;л;а;з;а;к;с;V;СКАЗАТЬ;V pf praet sg indic m -;Ь
27830;;местные;МЕСТНЫЙ;A - acc pl plen - inan;;;как я сказал _местные_ тусят где-нибудь в;е;ы;н;т;с;е;A;МЕСТНЫЙ;A - acc pl plen - inan;Й
27831;;тусят;ТУСЕНОК;V ipf praes pl indic - 3p;;;я сказал местные _тусят_ где-нибудь в кафешках;т;я;с;у;т;;S;ТУСЕНОК;S m inan acc pl;К
27832;;где-нибудь;ГДЕ-НИБУДЬ;ADVPRO;;;сказал местные тусят _где-нибудь_ в кафешках там;ь;д;у;б;и;н;ADV;ГДЕ-НИБУДЬ;ADV -;Ь
27833;;в;В;PR;;;местные тусят где-нибудь _в_ кафешках там у;в;;;;;;PR;В;PR;В
27834;;кафешках;КАФЕШКА;S f inan loc pl;;;тусят где-нибудь в _кафешках_ там у себя;х;а;к;ш;е;ф;S;КАФЕШОК;S f inan acc sg;А
27835;;там;ТАМ;ADVPRO;;;где-нибудь в кафешках _там_ у себя на;м;а;т;;;;ADV;ТАМ;ADV -;М
27836;;у;У;PR;;;в кафешках там _у_ себя на окраине;у;;;;;;PR;У;PR;У
27837;;себя;СЕБЯ;SPRO - - - acc;;;кафешках там у _себя_ на окраине .;я;б;е;с;;;SPRO;СЕБЯ;SPRO - - - acc;Я
27838;;на;НА;PR;;;там у себя _на_ окраине . ;а;н;;;;;PR;НА;PR;А
27839;;окраине;ОКРАИНА;S f inan loc sg;;;у себя на _окраине_ .  ;е;н;и;а;р;к;S;ОКРАИНА;S f inan loc sg;А
27840;;.;.;PUNCT;;;;;;;;;;PUNCT;;;
27841;;;;;;;;;;;;;;;;;
27842;# sent = 2035;;;;;;;;;;;;;;;;
27843;;Причем;ПРИЧЕМ;CONJ;;;.   _Причем_ эти кафешки намного;м;е;ч;и;р;п;CONJ;ПРИЧЕМ;CONJ;М
27844;;эти;ЭТОТ;APRO - nom pl plen - -;;;  Причем _эти_ кафешки намного прикольнее;и;т;э;;;;APRO;ЭТОТ;A - nom pl plen - -;Т
27845;;кафешки;КАФЕШКА;S f inan nom pl;;; Причем эти _кафешки_ намного прикольнее чем;и;к;ш;е;ф;а;S;КАФЕШКА;S f inan acc pl;А
27846;;намного;НАМНОГО;ADV -;;;Причем эти кафешки _намного_ прикольнее чем вот;о;г;о;н;м;а;ADV;НАМНОГО;ADV -;О
27847;;прикольнее;ПРИКОЛЬНО;ADV comp;;;эти кафешки намного _прикольнее_ чем вот это;е;е;н;ь;л;о;ADV;ПРИКОЛЬНО;ADV comp;О
27848;;чем;ЧЕМ;CONJ;;;кафешки намного прикольнее _чем_ вот это .;м;е;ч;;;;CONJ;ЧЕМ;CONJ;М
27849;;вот;ВОТ;PART;;;намного прикольнее чем _вот_ это . ;т;о;в;;;;PART;ВОТ;PART;Т
27850;;это;ЭТО;SPRO n - nom sg;;;прикольнее чем вот _это_ .  ;о;т;э;;;;SPRO;ЭТО;S n - nom sg;О
27851;;.;.;PUNCT;;;;;;;;;;PUNCT;;;
27852;;;;;;;;;;;;;;;;;
27853;# sent = 2036;;;;;;;;;;;;;;;;
27854;;Вот;ВОТ;PART;;;.   _Вот_ … там тоже;т;о;в;;;;PART;ВОТ;PART;Т
27855;;…;…;PUNCT;;;;;;;;;;PUNCT;;;
27856;;там;ТАМ;ADVPRO;;; Вот … _там_ тоже все местные;м;а;т;;;;ADV;ТАМ;ADV -;М
27857;;тоже;ТОЖЕ;PART;;;Вот … там _тоже_ все местные ,;е;ж;о;т;;;PART;ТОЖЕ;PART;Е
27858;;все;ВЕСЬ;APRO - nom pl plen - -;;;… там тоже _все_ местные , туристы;е;с;в;;;;APRO;ВЕСЬ;A - nom pl plen - -;Ь
27859;;местные;МЕСТНЫЙ;A - nom pl plen - -;;;там тоже все _местные_ , туристы и;е;ы;н;т;с;е;A;МЕСТНЫЙ;A - nom pl plen - -;Й
27860;;,;,;PUNCT;;;;;;;;;;PUNCT;;;
27861;;туристы;ТУРИСТ;S m anim nom pl;;;все местные , _туристы_ и толпа народу;ы;т;с;и;р;у;S;ТУРИСТ;S m anim nom pl;Т
27862;;и;И;CONJ;;;местные , туристы _и_ толпа народу ,;и;;;;;;CONJ;И;CONJ;И
27863;;толпа;ТОЛПА;S f inan nom sg;;;, туристы и _толпа_ народу , и;а;п;л;о;т;;S;ТОЛПА;S f inan nom sg;А
27864;;народу;НАРОД;S m inan gen2 sg;;;туристы и толпа _народу_ , и там;у;д;о;р;а;н;S;НАРОД;S m inan dat sg;Д
27865;;,;,;PUNCT;;;;;;;;;;PUNCT;;;
27866;;и;И;CONJ;;;толпа народу , _и_ там танцуют .;и;;;;;;CONJ;И;CONJ;И
27867;;там;ТАМ;ADVPRO;;;народу , и _там_ танцуют . ;м;а;т;;;;ADV;ТАМ;ADV -;М
27868;;танцуют;ТАНЦЕВАТЬ;V ipf praes pl indic - 3p;;;, и там _танцуют_ .  ;т;ю;у;ц;н;а;V;ТАНЦЕВАТЬ;V ipf praes pl indic - 3p;Ь
27869;;.;.;PUNCT;;;;;;;;;;PUNCT;;;
27870;;;;;;;;;;;;;;;;;
27871;# sent = 2037;;;;;;;;;;;;;;;;
27872;;Причем;ПРИЧЕМ;CONJ;;;.   _Причем_ ну не как;м;е;ч;и;р;п;CONJ;ПРИЧЕМ;CONJ;М
27873;;ну;НУ;PART;;;  Причем _ну_ не как у;у;н;;;;;PART;НУ;PART;У
27874;;не;НЕ;PART;;; Причем ну _не_ как у нас;е;н;;;;;PART;НЕ;PART;Е
27875;;как;КАК;CONJ;;;Причем ну не _как_ у нас уличные;к;а;к;;;;ADV;КАК;ADV -;К
27876;;у;У;PR;;;ну не как _у_ нас уличные танцуют;у;;;;;;PR;У;PR;У
27877;;нас;МЫ;SPRO pl 1p - loc;;;не как у _нас_ уличные танцуют (;с;а;н;;;;SPRO;МЫ;SPRO pl 1p - loc;Ы
27878;;уличные;УЛИЧНЫЙ;A - nom pl plen - -;;;как у нас _уличные_ танцуют ( как;е;ы;н;ч;и;л;A;УЛИЧНЫЙ;A - nom pl plen - -;Й
27879;;танцуют;ТАНЦЕВАТЬ;V ipf praes pl indic - 3p;;;у нас уличные _танцуют_ ( как я;т;ю;у;ц;н;а;V;ТАНЦЕВАТЬ;V ipf praes pl indic - 3p;Ь
27880;;(;(;PUNCT;;;;;;;;;;PUNCT;;;
27881;;как;КАК;CONJ;;;уличные танцуют ( _как_ я , когда;к;а;к;;;;CONJ;КАК;CONJ;К
27882;;я;Я;SPRO sg 1p - nom;;;танцуют ( как _я_ , когда деньги;я;;;;;;SPRO;Я;SPRO sg 1p - nom;Я
27883;;,;,;PUNCT;;;;;;;;;;PUNCT;;;
27884;;когда;КОГДА;CONJ;;;как я , _когда_ деньги зарабатывал ,;а;д;г;о;к;;CONJ;КОГДА;CONJ;А
27885;;деньги;ДЕНЬГИ;S - inan nom pl;;;я , когда _деньги_ зарабатывал , пока;и;г;ь;н;е;д;S;ДЕНЬГИ;S - inan nom pl;И
27886;;зарабатывал;ЗАРАБАТЫВАТЬ;V ipf praet sg indic m -;;;, когда деньги _зарабатывал_ , пока два;л;а;в;ы;т;а;V;ЗАРАБАТЫВАТЬ;V ipf praet sg indic m -;Ь
27887;;,;,;PUNCT;;;;;;;;;;PUNCT;;;
27888;;пока;ПОКА;CONJ;;;деньги зарабатывал , _пока_ два раза колено;а;к;о;п;;;CONJ;ПОКА;CONJ;А
27889;;два;ДВА;NUM acc m inan;;;зарабатывал , пока _два_ раза колено не;а;в;д;;;;NUM;ДВА;NUM acc m inan;А
27890;;раза;РАЗ;S m inan gen sg;;;, пока два _раза_ колено не убил;а;з;а;р;;;S;РАЗ;S m inan gen sg;З
27891;;колено;КОЛЕНО;S n inan acc sg;;;пока два раза _колено_ не убил );о;н;е;л;о;к;S;КОЛЕНО;S n inan acc sg;О
27892;;не;НЕ;PART;;;два раза колено _не_ убил ) .;е;н;;;;;PART;НЕ;PART;Е
27893;;убил;УБИТЬ;V pf praet sg indic m -;;;раза колено не _убил_ ) . ;л;и;б;у;;;V;УБИТЬ;V pf praet sg indic m -;Ь
27894;;););PUNCT;;;;;;;;;;PUNCT;;;
27895;;.;.;PUNCT;;;;;;;;;;PUNCT;;;
27896;;;;;;;;;;;;;;;;;
27897;# sent = 2038;;;;;;;;;;;;;;;;
27898;;У;У;PR;;;.   _У_ них , видимо;у;;;;;;PR;У;PR;У
27899;;них;ОНИ;SPRO pl - - loc;;;  У _них_ , видимо ,;х;и;н;;;;SPRO;ОНИ;SPRO pl - - loc;И
27900;;,;,;PUNCT;;;;;;;;;;PUNCT;;;
27901;;видимо;ВИДИМО;PARENTH;;;У них , _видимо_ , был какой-то;о;м;и;д;и;в;ADV;ВИДИМО;ADV -;О
27902;;,;,;PUNCT;;;;;;;;;;PUNCT;;;
27903;;был;БЫТЬ;V ipf praet sg indic m -;;;, видимо , _был_ какой-то фестиваль или;л;ы;б;;;;V;БЫТЬ;V ipf praet sg indic m -;Ь
27904;;какой-то;КАКОЙ-ТО;APRO - nom sg plen m -;;;видимо , был _какой-то_ фестиваль или концерт;о;т;-;й;о;к;APRO;КАКОЙ-ТО;A - nom sg plen m -;О
27905;;фестиваль;ФЕСТИВАЛЬ;S m inan nom sg;;;, был какой-то _фестиваль_ или концерт .;ь;л;а;в;и;т;S;ФЕСТИВАЛЬ;S m inan nom sg;Ь
27906;;или;ИЛИ;CONJ;;;был какой-то фестиваль _или_ концерт . ;и;л;и;;;;CONJ;ИЛИ;CONJ;И
27907;;концерт;КОНЦЕРТ;S m inan nom sg;;;какой-то фестиваль или _концерт_ .  ;т;р;е;ц;н;о;S;КОНЦЕРТ;S m inan nom sg;Т
27908;;.;.;PUNCT;;;;;;;;;;PUNCT;;;
27909;;;;;;;;;;;;;;;;;
27910;# sent = 2039;;;;;;;;;;;;;;;;
27911;;В;В;PR;;;.   _В_ том плане ,;в;;;;;;PR;В;PR;В
27912;;том;ТОТ;A - loc sg plen m -;;;  В _том_ плане , что;м;о;т;;;;A;ТОТ;A - loc sg plen m -;Т
27913;;плане;ПЛАН;S m inan loc sg;;; В том _плане_ , что разные;е;н;а;л;п;;S;ПЛАН;S m inan loc sg;Н
27914;;,;,;PUNCT;;;;;;;;;;PUNCT;;;
27915;;что;ЧТО;CONJ;;;том плане , _что_ разные страны ,;о;т;ч;;;;CONJ;ЧТО;CONJ;О
27916;;разные;РАЗНЫЙ;A - nom pl plen - inan;;;плане , что _разные_ страны , они;е;ы;н;з;а;р;A;РАЗНЫЙ;A - acc pl plen - inan;Й
27917;;страны;СТРАНА;S f inan nom pl;;;, что разные _страны_ , они представляли;ы;н;а;р;т;с;S;СТРАНА;S f inan acc pl;А
27918;;,;,;PUNCT;;;;;;;;;;PUNCT;;;
27919;;они;ОНИ;SPRO pl - - nom;;;разные страны , _они_ представляли свои народные;и;н;о;;;;SPRO;ОНИ;SPRO pl - - nom;И
27920;;представляли;ПРЕДСТАВЛЯТЬ;V ipf praet pl indic - -;;;страны , они _представляли_ свои народные танцы;и;л;я;л;в;а;V;ПРЕДСТАВЛЯТЬ;V ipf praet pl indic - -;Ь
27921;;свои;СВОЙ;APRO - acc pl plen - -;;;, они представляли _свои_ народные танцы .;и;о;в;с;;;APRO;СВОЙ;A - nom pl plen - -;Й
27922;;народные;НАРОДНЫЙ;A - acc pl plen - -;;;они представляли свои _народные_ танцы . ;е;ы;н;д;о;р;A;НАРОДНЫЙ;A - nom pl plen - -;Й
27923;;танцы;ТАНЕЦ;S m inan acc pl;;;представляли свои народные _танцы_ .  ;ы;ц;н;а;т;;S;ТАНЕЦ;S m inan nom pl;Ц
27924;;.;.;PUNCT;;;;;;;;;;PUNCT;;;
27925;;;;;;;;;;;;;;;;;
27926;# sent = 2040;;;;;;;;;;;;;;;;
27927;;И;И;CONJ;;;.   _И_ вместо каких-нибудь флаеров;и;;;;;;CONJ;И;CONJ;И
27928;;вместо;ВМЕСТО;PR;;;  И _вместо_ каких-нибудь флаеров они;о;т;с;е;м;в;PR;ВМЕСТО;PR;О
27929;;каких-нибудь;КАКОЙ-НИБУДЬ;APRO - gen pl plen - -;;; И вместо _каких-нибудь_ флаеров они приходили;ь;д;у;б;и;н;APRO;КАКОЙ-НИБУДЬ;A - gen pl plen - -;Ь
27930;;флаеров;ФЛАЕР;S m inan gen pl;;;И вместо каких-нибудь _флаеров_ они приходили на;в;о;р;е;а;л;S;ФЛАЕР;S f inan gen pl;Р
27931;;они;ОНИ;SPRO pl - - nom;;;вместо каких-нибудь флаеров _они_ приходили на каждом;и;н;о;;;;SPRO;ОНИ;SPRO pl - - nom;И
27932;;приходили;ПРИХОДИТЬ;V ipf praet pl indic - -;;;каких-нибудь флаеров они _приходили_ на каждом перекрестке;и;л;и;д;о;х;V;ПРИХОДИТЬ;V ipf praet pl indic - -;Ь
27933;;на;НА;PR;;;флаеров они приходили _на_ каждом перекрестке в;а;н;;;;;PR;НА;PR;А
27934;;каждом;КАЖДЫЙ;APRO - loc sg plen m -;;;они приходили на _каждом_ перекрестке в центре;м;о;д;ж;а;к;APRO;КАЖДЫЙ;A - loc sg plen m -;Й
27935;;перекрестке;ПЕРЕКРЕСТОК;S m inan loc sg;;;приходили на каждом _перекрестке_ в центре города;е;к;т;с;е;р;S;ПЕРЕКРЕСТОК;S m inan loc sg;К
27936;;в;В;PR;;;на каждом перекрестке _в_ центре города ,;в;;;;;;PR;В;PR;В
27937;;центре;ЦЕНТР;S m inan loc sg;;;каждом перекрестке в _центре_ города , они;е;р;т;н;е;ц;S;ЦЕНТР;S m inan loc sg;Р
27938;;города;ГОРОД;S m inan gen sg;;;перекрестке в центре _города_ , они шли;а;д;о;р;о;г;S;ГОРОД;S m inan gen sg;Д
27939;;,;,;PUNCT;;;;;;;;;;PUNCT;;;
27940;;они;ОНИ;SPRO pl - - nom;;;центре города , _они_ шли такой цепочкой;и;н;о;;;;SPRO;ОНИ;SPRO pl - - nom;И
27941;;шли;ИДТИ;V ipf praet pl indic - -;;;города , они _шли_ такой цепочкой ,;и;л;ш;;;;V;ИДТИ;V ipf praet pl indic - -;И
27942;;такой;ТАКОЙ;APRO - ins sg plen f inan;;;, они шли _такой_ цепочкой , становились;й;о;к;а;т;;APRO;ТАКОЙ;A - acc sg plen m inan;Й
27943;;цепочкой;ЦЕПОЧКА;S f inan ins sg;;;они шли такой _цепочкой_ , становились ,;й;о;к;ч;о;п;S;ЦЕПОЧКА;S f inan ins sg;А
27944;;,;,;PUNCT;;;;;;;;;;PUNCT;;;
27945;;становились;СТАНОВИТЬСЯ;V ipf praet pl indic - -;;;такой цепочкой , _становились_ , танцевали ,;ь;с;и;л;и;в;V;СТАНОВИТЬСЯ;V ipf praet pl indic - -;Я
27946;;,;,;PUNCT;;;;;;;;;;PUNCT;;;
27947;;танцевали;ТАНЦЕВАТЬ;V ipf praet pl indic - -;;;, становились , _танцевали_ , уходили ,;и;л;а;в;е;ц;V;ТАНЦЕВАТЬ;V ipf praet pl indic - -;Ь
27948;;,;,;PUNCT;;;;;;;;;;PUNCT;;;
27949;;уходили;УХОДИТЬ;V ipf praet pl indic - -;;;, танцевали , _уходили_ , вот .;и;л;и;д;о;х;V;УХОДИТЬ;V ipf praet pl indic - -;Ь
27950;;,;,;PUNCT;;;;;;;;;;PUNCT;;;
27951;;вот;ВОТ;PART;;;, уходили , _вот_ .  ;т;о;в;;;;PART;ВОТ;PART;Т
27952;;.;.;PUNCT;;;;;;;;;;PUNCT;;;
27953;;;;;;;;;;;;;;;;;
27954;# sent = 2041;;;;;;;;;;;;;;;;
27955;# speaker = Суф;;;;;;;;;;;;;;;;
27956;# sent = 2042;;;;;;;;;;;;;;;;
27957;;Аргентинцы;АРГЕНТИНЕЦ;S m inan nom sg;;;   _Аргентинцы_ были потрясающи .;ы;ц;н;и;т;н;S;АРГЕНТИНЕЦ;S m inan nom sg;Ц
27958;;были;БЫТЬ;V ipf praet pl indic - -;;;  Аргентинцы _были_ потрясающи . ;и;л;ы;б;;;V;БЫТЬ;V ipf praet pl indic - -;Ь
27959;;потрясающи;ПОТРЯСАЮЩИЙ;A -ins pl brev - -;;; Аргентинцы были _потрясающи_ .  ;и;щ;ю;а;с;я;A;ПОТРЯСАЮЩИЙ;A comp2 - - plen - -;Й
27960;;.;.;PUNCT;;;;;;;;;;PUNCT;;;
27961;;;;;;;;;;;;;;;;;
27962;# sent = 2043;;;;;;;;;;;;;;;;
27963;;Причем;ПРИЧЕМ;CONJ;;;.   _Причем_ у них был;м;е;ч;и;р;п;CONJ;ПРИЧЕМ;CONJ;М
27964;;у;У;PR;;;  Причем _у_ них был идеальный;у;;;;;;PR;У;PR;У
27965;;них;ОНИ;SPRO pl - - loc;;; Причем у _них_ был идеальный ход;х;и;н;;;;SPRO;ОНИ;SPRO pl - - loc;И
27966;;был;БЫТЬ;V ipf praet sg indic m -;;;Причем у них _был_ идеальный ход .;л;ы;б;;;;V;БЫТЬ;V ipf praet sg indic m -;Ь
27967;;идеальный;ИДЕАЛЬНЫЙ;A - nom sg plen m -;;;у них был _идеальный_ ход . ;й;ы;н;ь;л;а;A;ИДЕАЛЬНЫЙ;A - nom sg plen m -;Й
27968;;ход;ХОД;S m inan nom sg;;;них был идеальный _ход_ .  ;д;о;х;;;;S;ХОД;S m inan nom sg;Д
27969;;.;.;PUNCT;;;;;;;;;;PUNCT;;;
27970;;;;;;;;;;;;;;;;;
27971;# sent = 2044;;;;;;;;;;;;;;;;
27972;;Вышли;ВЫЙТИ;V pf praet pl indic - -;;;.   _Вышли_ бабы , они;и;л;ш;ы;в;;V;ВЫЙТИ;V pf praet pl indic - -;И
27973;;бабы;БАБА;S f anim nom pl;;;  Вышли _бабы_ , они ;ы;б;а;б;;;S;БАБА;S f anim nom pl;А
27974;;,;,;PUNCT;;;;;;;;;;PUNCT;;;
27975;;они;ОНИ;SPRO pl - - nom;;;Вышли бабы , _они_  прям ;и;н;о;;;;SPRO;ОНИ;SPRO pl - - nom;И
27976;"<distinct form=""";;;;;;;;;;;;;;;;
27977;<dist>;прям;;;;;;;;;;;;;;;
27978;""">";;;;;;;;;;;;;;;;
27979;;прямо;ПРЯМО;PART;;; прям  _прямо_  … ;о;м;я;р;п;;ADV;ПРЯМО;ADV -;О
27980;</distinct>;;;;;;;;;;;;;;;;
27981;;…;…;PUNCT;;;;;;;;;;PUNCT;;;
27982;;;;;;;;;;;;;;;;;
27983;# sent = 2045;;;;;;;;;;;;;;;;
27984;;Лепота;ЛЕПОТА;S f inan nom sg;;;…   _Лепота_ .  ;а;т;о;п;е;л;S;ЛЕПОТА;S f inan nom sg;А
27985;;.;.;PUNCT;;;;;;;;;;PUNCT;;;
27986;;;;;;;;;;;;;;;;;
27987;# sent = 2046;;;;;;;;;;;;;;;;
27988;"<distinct form=""";;;;;;;;;;;;;;;;
27989;<dist>;Прям;;;;;;;;;;;;;;;
27990;""">";;;;;;;;;;;;;;;;
27991;;Прямо;ПРЯМО;PART;;; Прям  _Прямо_  вышли все;о;м;я;р;п;;ADV;ПРЯМО;ADV -;О
27992;</distinct>;;;;;;;;;;;;;;;;
27993;;вышли;ВЫЙТИ;V pf praet pl indic - -;;; Прямо  _вышли_ все такие ;и;л;ш;ы;в;;V;ВЫСЛАТЬ;V pf - sg imper - 2p;И
27994;;все;ВЕСЬ;APRO - nom pl plen - -;;;Прямо  вышли _все_ такие  цокает;е;с;в;;;;APRO;ВЕСЬ;A - nom pl plen - -;Ь
27995;;такие;ТАКОЙ;APRO - nom pl plen - -;;; вышли все _такие_  цокает ;е;и;к;а;т;;APRO;ТАКОЙ;A - nom pl plen - -;Й
27996;"<span class=""note"">";;;;;;;;;;;;;;;;
27997;<note>;цокает;;;;;;;;;;;;;;;
27998;</span>;;;;;;;;;;;;;;;;
27999;;хороводами;ХОРОВОД;S m inan ins pl;;; цокает  _хороводами_ , там ,;и;м;а;д;о;в;S;ХОРОВОД;S m inan ins pl;Д
28000;;,;,;PUNCT;;;;;;;;;;PUNCT;;;
28001;;там;ТАМ;PART;;; хороводами , _там_ , грудь вперёд;м;а;т;;;;ADV;ТАМ;ADV -;М
28002;;,;,;PUNCT;;;;;;;;;;PUNCT;;;
28003;;грудь;ГРУДЬ;S f inan nom sg;;;, там , _грудь_ вперёд , все;ь;д;у;р;г;;S;ГРУДЬ;S f inan nom sg;Ь
28004;;вперёд;ВПЕРЕД;ADV -;;;там , грудь _вперёд_ , все дела;д;ё;р;е;п;в;ADV;ВПЕРЕД;ADV -;Д
28005;;,;,;PUNCT;;;;;;;;;;PUNCT;;;
28006;;все;ВЕСЬ;APRO - nom pl plen - -;;;грудь вперёд , _все_ дела , ушли;е;с;в;;;;APRO;ВЕСЬ;A - nom pl plen - -;Ь
28007;;дела;ДЕЛО;S n inan nom pl;;;вперёд , все _дела_ , ушли назад;а;л;е;д;;;S;ДЕЛО;S n inan nom pl;О
28008;;,;,;PUNCT;;;;;;;;;;PUNCT;;;
28009;;ушли;УЙТИ;V pf praet pl indic - -;;;все дела , _ушли_ назад . ;и;л;ш;у;;;V;УСЛАТЬ;V pf - sg imper - 2p;И
28010;;назад;НАЗАД;ADV -;;;дела , ушли _назад_ .  ;д;а;з;а;н;;ADV;НАЗАД;ADV -;Д
28011;;.;.;PUNCT;;;;;;;;;;PUNCT;;;
28012;;;;;;;;;;;;;;;;;
28013;# sent = 2047;;;;;;;;;;;;;;;;
28014;;Тут;ТУТ;ADV -;;;.   _Тут_ вышли мужики и;т;у;т;;;;ADV;ТУТ;ADV -;Т
28015;;вышли;ВЫЙТИ;V pf praet pl indic - -;;;  Тут _вышли_ мужики и начали;и;л;ш;ы;в;;V;ВЫСЛАТЬ;V pf - sg imper - 2p;И
28016;;мужики;МУЖИК;S m anim nom pl;;; Тут вышли _мужики_ и начали танцевать;и;к;и;ж;у;м;S;МУЖИК;S m anim nom pl;К
28017;;и;И;CONJ;;;Тут вышли мужики _и_ начали танцевать ,;и;;;;;;CONJ;И;CONJ;И
28018;;начали;НАЧАТЬ;V pf praet pl indic - -;;;вышли мужики и _начали_ танцевать , каждый;и;л;а;ч;а;н;V;НАЧАТЬ;V pf praet pl indic - -;Ь
28019;;танцевать;ТАНЦЕВАТЬ;V ipf - - inf - -;;;мужики и начали _танцевать_ , каждый по;ь;т;а;в;е;ц;V;ТАНЦЕВАТЬ;V ipf - - inf - -;Ь
28020;;,;,;PUNCT;;;;;;;;;;PUNCT;;;
28021;;каждый;КАЖДЫЙ;APRO - nom sg plen m -;;;начали танцевать , _каждый_ по отдельности ,;й;ы;д;ж;а;к;APRO;КАЖДЫЙ;A - nom sg plen m -;Й
28022;;по;ПО;PR;;;танцевать , каждый _по_ отдельности , причем;о;п;;;;;PR;ПО;PR;О
28023;;отдельности;ОТДЕЛЬНОСТЬ;S f inan loc sg;;;, каждый по _отдельности_ , причем они;и;т;с;о;н;ь;S;ОТДЕЛЬНОСТЬ;S f inan loc sg;Ь
28024;;,;,;PUNCT;;;;;;;;;;PUNCT;;;
28025;;причем;ПРИЧЕМ;CONJ;;;по отдельности , _причем_ они  у;м;е;ч;и;р;п;CONJ;ПРИЧЕМ;CONJ;М
28026;;они;ОНИ;SPRO pl - - nom;;;отдельности , причем _они_  у них;и;н;о;;;;SPRO;ОНИ;SPRO pl - - nom;И
28027;<noindex>[нрзб]</noindex>;;;;;;;;;;;;;;;;
28028;;у;У;PR;;;причем они  _у_ них эти искры;у;;;;;;PR;У;PR;У
28029;;них;ОНИ;SPRO pl - - loc;;;они  у _них_ эти искры летят;х;и;н;;;;SPRO;ОНИ;SPRO pl - - loc;И
28030;;эти;ЭТОТ;APRO - nom pl plen - -;;; у них _эти_ искры летят ,;и;т;э;;;;APRO;ЭТОТ;A - nom pl plen - -;Т
28031;;искры;ИСКРА;S f inan nom pl;;;у них эти _искры_ летят , они;ы;р;к;с;и;;S;ИСКРА;S f inan nom pl;А
28032;;летят;ЛЕТЕТЬ;V ipf praes pl indic - 3p;;;них эти искры _летят_ , они ;т;я;т;е;л;;V;ЛЕТЕТЬ;V ipf praes pl indic - 3p;Ь
28033;;,;,;PUNCT;;;;;;;;;;PUNCT;;;
28034;;они;ОНИ;SPRO pl - - nom;;;искры летят , _они_  прям ;и;н;о;;;;SPRO;ОНИ;SPRO pl - - nom;И
28035;"<distinct form=""";;;;;;;;;;;;;;;;
28036;<dist>;прям;;;;;;;;;;;;;;;
28037;""">";;;;;;;;;;;;;;;;
28038;;прямо;ПРЯМО;PART;;; прям  _прямо_  танцуют ;о;м;я;р;п;;ADV;ПРЯМО;ADV -;О
28039;</distinct>;;;;;;;;;;;;;;;;
28040;;танцуют;ТАНЦЕВАТЬ;V ipf praes pl indic - 3p;;; прямо  _танцуют_  какт ;т;ю;у;ц;н;а;V;ТАНЦЕВАТЬ;V ipf praes pl indic - 3p;Ь
28041;"<distinct form=""";;;;;;;;;;;;;;;;
28042;<dist>;какт;;;;;;;;;;;;;;;
28043;""">";;;;;;;;;;;;;;;;
28044;;как будто;как будто;CONJ;;; какт  _как будто_  в последний;о;т;д;у;б; ;CONJ;как будто;CONJ;о
28045;</distinct>;;;;;;;;;;;;;;;;
28046;;в;В;PR;;; как будто  _в_ последний раз .;в;;;;;;PR;В;PR;В
28047;;последний;ПОСЛЕДНИЙ;A - acc sg plen m inan;;;как будто  в _последний_ раз . ;й;и;н;д;е;л;A;ПОСЛЕДНИЙ;A - acc sg plen m inan;Й
28048;;раз;РАЗ;S m inan acc sg;;; в последний _раз_ .  ;з;а;р;;;;S;РАЗ;S m inan acc sg;З
28049;;.;.;PUNCT;;;;;;;;;;PUNCT;;;
28050;;;;;;;;;;;;;;;;;
28051;# sent = 2048;;;;;;;;;;;;;;;;
28052;;Это;ЭТО;SPRO n - nom sg;;;.   _Это_ было так потрясающе;о;т;э;;;;SPRO;ЭТО;S n - nom sg;О
28053;;было;БЫТЬ;V ipf praet sg indic n -;;;  Это _было_ так потрясающе …;о;л;ы;б;;;V;БЫТЬ;V ipf praet sg indic n -;Ь
28054;;так;ТАК;ADV -;;; Это было _так_ потрясающе … ;к;а;т;;;;ADV;ТАК;ADV -;К
28055;;потрясающе;ПОТРЯСАЮЩЕ;ADV -;;;Это было так _потрясающе_ …  ;е;щ;ю;а;с;я;ADV;ПОТРЯСАЮЩЕ;ADV -;Е
28056;;…;…;PUNCT;;;;;;;;;;PUNCT;;;
28057;;;;;;;;;;;;;;;;;
28058;# sent = 2049;;;;;;;;;;;;;;;;
28059;;Это;ЭТО;SPRO n - nom sg;;;…   _Это_ вот … ;о;т;э;;;;SPRO;ЭТО;S n - nom sg;О
28060;;вот;ВОТ;PART;;;  Это _вот_ …  ;т;о;в;;;;PART;ВОТ;PART;Т
28061;;…;…;PUNCT;;;;;;;;;;PUNCT;;;
28062;;;;;;;;;;;;;;;;;
28063;# sent = 2050;;;;;;;;;;;;;;;;
28064;;Это;ЭТО;SPRO n - nom sg;;;…   _Это_ непередаваемо . ;о;т;э;;;;SPRO;ЭТО;S n - nom sg;О
28065;;непередаваемо;НЕПЕРЕДАВАЕМЫЙ;A - - sg brev n -;;;  Это _непередаваемо_ .  ;о;м;е;а;в;а;A;НЕПЕРЕДАВАЕМЫЙ;A - - sg brev n -;Й
28066;;.;.;PUNCT;;;;;;;;;;PUNCT;;;
28067;;;;;;;;;;;;;;;;;
28068;# sent = 2051;;;;;;;;;;;;;;;;
28069;;Они;ОНИ;SPRO pl - - nom;;;.   _Они_  прям ;и;н;о;;;;SPRO;ОНИ;SPRO pl - - nom;И
28070;"<distinct form=""";;;;;;;;;;;;;;;;
28071;<dist>;прям;;;;;;;;;;;;;;;
28072;""">";;;;;;;;;;;;;;;;
28073;;прямо;ПРЯМО;PART;;; прям  _прямо_  танцевали ,;о;м;я;р;п;;ADV;ПРЯМО;ADV -;О
28074;</distinct>;;;;;;;;;;;;;;;;
28075;;танцевали;ТАНЦЕВАТЬ;V ipf praet pl indic - -;;; прямо  _танцевали_ , искры ,;и;л;а;в;е;ц;V;ТАНЦЕВАТЬ;V ipf praet pl indic - -;Ь
28076;;,;,;PUNCT;;;;;;;;;;PUNCT;;;
28077;;искры;ИСКРА;S f inan nom pl;;; танцевали , _искры_ , вау .;ы;р;к;с;и;;S;ИСКРА;S f inan nom pl;А
28078;;,;,;PUNCT;;;;;;;;;;PUNCT;;;
28079;;вау;ВАУ;INTJ;;;, искры , _вау_ .  ;у;а;в;;;;S;ВАУ;S m inan gen sg;У
28080;;.;.;PUNCT;;;;;;;;;;PUNCT;;;
28081;;;;;;;;;;;;;;;;;
28082;# sent = 2052;;;;;;;;;;;;;;;;
28083;;Ну;НУ;PART;;;.   _Ну_ дальше все проходили;у;н;;;;;PART;НУ;PART;У
28084;;дальше;ДАЛЕКО;ADV -;;;  Ну _дальше_ все проходили ,;е;ш;ь;л;а;д;ADV;ДАЛЕКО;ADV comp;О
28085;;все;ВСЕ;S - - nom pl;;; Ну дальше _все_ проходили , танцуют;е;с;в;;;;S;ВСЕ;S - - nom pl;Е
28086;;проходили;ПРОХОДИТЬ;V ipf praet pl indic - -;;;Ну дальше все _проходили_ , танцуют и;и;л;и;д;о;х;V;ПРОХОДИТЬ;V ipf praet pl indic - -;Ь
28087;;,;,;PUNCT;;;;;;;;;;PUNCT;;;
28088;;танцуют;ТАНЦЕВАТЬ;V ipf praes pl indic - 3p;;;все проходили , _танцуют_ и что-то не то;т;ю;у;ц;н;а;V;ТАНЦЕВАТЬ;V ipf praes pl indic - 3p;Ь
28089;;и;И;CONJ;;;проходили , танцуют _и_ что-то не то .;и;;;;;;CONJ;И;CONJ;И
28090;;что-то;ЧТО-ТО;SPRO n inan nom sg;;;, танцуют и _что-то_ не то . ;о;т;-;о;т;ч;SPRO;ЧТО-ТО;S n - nom sg;О
28091;;не то;не то;CONJ;;;танцуют и что-то _не то_ .  ;о;т; ;е;н;;CONJ;не то;CONJ;о
28092;;.;.;PUNCT;;;;;;;;;;PUNCT;;;
28093;;;;;;;;;;;;;;;;;
28094;# sent = 2053;;;;;;;;;;;;;;;;
28095;;Ну;НУ;PART;;;.   _Ну_ как бы есть видос;у;н;;;;;PART;НУ;PART;У
28096;;как бы;как бы;PART;;;  Ну _как бы_ есть видос ,;ы;б; ;к;а;к;PART;как бы;ADV -;ы
28097;;есть;БЫТЬ;V ipf praes sg indic - 3p;;; Ну как бы _есть_ видос , могу;ь;т;с;е;;;V;БЫТЬ;V ipf praes sg indic - 3p;Ь
28098;;видос;ВИДОС;S m inan nom sg;;;Ну как бы есть _видос_ , могу дать;с;о;д;и;в;;S;ВИДОС;S f inan nonflex -;С
28099;;,;,;PUNCT;;;;;;;;;;PUNCT;;;
28100;;могу;МОЧЬ;V ipf praes sg indic - 1p;;;есть видос , _могу_ дать , если;у;г;о;м;;;V;МОЧЬ;V ipf praes sg indic - 1p;Ь
28101;;дать;ДАТЬ;V pf - - inf - -;;;видос , могу _дать_ , если будет;ь;т;а;д;;;V;ДАТЬ;V pf - - inf - -;Ь
28102;;,;,;PUNCT;;;;;;;;;;PUNCT;;;
28103;;если;ЕСЛИ;CONJ;;;могу дать , _если_ будет интересно ,;и;л;с;е;;;CONJ;ЕСЛИ;CONJ;И
28104;;будет;БЫТЬ;V ipf praes sg indic - 3p;;;дать , если _будет_ интересно , я;т;е;д;у;б;;V;БЫТЬ;V ipf praes sg indic - 3p;Ь
28105;;интересно;ИНТЕРЕСНО;ADV -;;;, если будет _интересно_ , я тебе;о;н;с;е;р;е;ADV;ИНТЕРЕСНО;ADV -;О
28106;;,;,;PUNCT;;;;;;;;;;PUNCT;;;
28107;;я;Я;SPRO sg 1p - nom;;;будет интересно , _я_ тебе могу выслать;я;;;;;;SPRO;Я;SPRO sg 1p - nom;Я
28108;;тебе;ТЫ;SPRO sg 2p - dat;;;интересно , я _тебе_ могу выслать .;е;б;е;т;;;SPRO;ТЫ;SPRO sg 2p - dat;Ы
28109;;могу;МОЧЬ;V ipf praes sg indic - 1p;;;, я тебе _могу_ выслать . ;у;г;о;м;;;V;МОЧЬ;V ipf praes sg indic - 1p;Ь
28110;;выслать;ВЫСЛАТЬ;V pf - - inf - -;;;я тебе могу _выслать_ .  ;ь;т;а;л;с;ы;V;ВЫСЛАТЬ;V pf - - inf - -;Ь
28111;;.;.;PUNCT;;;;;;;;;;PUNCT;;;
28112;;;;;;;;;;;;;;;;;
28113;# sent = 2054;;;;;;;;;;;;;;;;
28114;# speaker = Суф;;;;;;;;;;;;;;;;
28115;# sent = 2055;;;;;;;;;;;;;;;;
28116;;И;И;CONJ;;;   _И_ тут выходит …;и;;;;;;CONJ;И;CONJ;И
28117;;тут;ТУТ;ADVPRO;;;  И _тут_ выходит … ;т;у;т;;;;ADV;ТУТ;ADV -;Т
28118;;выходит;ВЫХОДИТЬ;V ipf praes sg indic - 3p;;; И тут _выходит_ …  ;т;и;д;о;х;ы;V;ВЫХОДИТЬ;V ipf praes sg indic - 3p;Ь
28119;;…;…;PUNCT;;;;;;;;;;PUNCT;;;
28120;;;;;;;;;;;;;;;;;
28121;# sent = 2056;;;;;;;;;;;;;;;;
28122;"<distinct form=""";;;;;;;;;;;;;;;;
28123;<dist>;Руссия;;;;;;;;;;;;;;;
28124;""">";;;;;;;;;;;;;;;;
28125;;Россия;РОССИЯ;S f inan nom sg;;; Руссия  _Россия_  . ;я;и;с;с;о;р;S;РОССИЯ;S f inan nom sg;Я
28126;</distinct>;;;;;;;;;;;;;;;;
28127;;.;.;PUNCT;;;;;;;;;;PUNCT;;;
28128;;;;;;;;;;;;;;;;;
28129;# sent = 2057;;;;;;;;;;;;;;;;
28130;;А;А;CONJ;;;.   _А_ это ж Сербия;а;;;;;;CONJ;А;CONJ;А
28131;;это;ЭТО;SPRO n - nom sg;;;  А _это_ ж Сербия ,;о;т;э;;;;SPRO;ЭТО;S n - nom sg;О
28132;;ж;Ж;PART;;; А это _ж_ Сербия , поэтому;ж;;;;;;PART;Ж;PART;Ж
28133;;Сербия;СЕРБИЯ;S f inan nom sg;;;А это ж _Сербия_ , поэтому там;я;и;б;р;е;с;S;СЕРБИЯ;S f inan nom sg;Я
28134;;,;,;PUNCT;;;;;;;;;;PUNCT;;;
28135;;поэтому;ПОЭТОМУ;ADV -;;;ж Сербия , _поэтому_ там … ;у;м;о;т;э;о;ADV;ПОЭТОМУ;ADV -;У
28136;;там;ТАМ;ADVPRO;;;Сербия , поэтому _там_ …  ;м;а;т;;;;ADV;ТАМ;ADV -;М
28137;;…;…;PUNCT;;;;;;;;;;PUNCT;;;
28138;;;;;;;;;;;;;;;;;
28139;# sent = 2058;;;;;;;;;;;;;;;;
28140;;Ну;НУ;PART;;;…   _Ну_ , я думаю;у;н;;;;;PART;НУ;PART;У
28141;;,;,;PUNCT;;;;;;;;;;PUNCT;;;
28142;;я;Я;SPRO sg 1p - nom;;; Ну , _я_ думаю ты знаешь;я;;;;;;SPRO;Я;SPRO sg 1p - nom;Я
28143;;думаю;ДУМАТЬ;V ipf praes sg indic - 1p;;;Ну , я _думаю_ ты знаешь ,;ю;а;м;у;д;;V;ДУМАТЬ;V ipf praes sg indic - 1p;Ь
28144;;ты;ТЫ;SPRO sg 2p - nom;;;, я думаю _ты_ знаешь , почему;ы;т;;;;;SPRO;ТЫ;SPRO sg 2p - nom;Ы
28145;;знаешь;ЗНАТЬ;V ipf praes sg indic - 2p;;;я думаю ты _знаешь_ , почему они;ь;ш;е;а;н;з;V;ЗНАТЬ;V ipf praes sg indic - 2p;Ь
28146;;,;,;PUNCT;;;;;;;;;;PUNCT;;;
28147;;почему;ПОЧЕМУ;ADV -;;;ты знаешь , _почему_ они любят ,;у;м;е;ч;о;п;ADV;ПОЧЕМУ;ADV -;У
28148;;они;ОНИ;SPRO pl - - nom;;;знаешь , почему _они_ любят , это;и;н;о;;;;SPRO;ОНИ;SPRO pl - - nom;И
28149;;любят;ЛЮБИТЬ;V ipf praes pl indic - 3p;;;, почему они _любят_ , это НАТО;т;я;б;ю;л;;V;ЛЮБИТЬ;V ipf praes pl indic - 3p;Ь
28150;;,;,;PUNCT;;;;;;;;;;PUNCT;;;
28151;;это;ЭТО;SPRO n - nom sg;;;они любят , _это_ НАТО , девяносто;о;т;э;;;;SPRO;ЭТО;S n - nom sg;О
28152;;НАТО;НАТО;S n inan nom sg;;;любят , это _НАТО_ , девяносто девятый;о;т;а;н;;;S;НАТО;S n inan nonflex -;О
28153;;,;,;PUNCT;;;;;;;;;;PUNCT;;;
28154;;девяносто;ДЕВЯНОСТО;NUM acc - -;;;это НАТО , _девяносто_ девятый , этот;о;т;с;о;н;я;NUM;ДЕВЯНОСТО;NUM acc - -;О
28155;;девятый;ДЕВЯТЫЙ;ANUM - nom sg plen m -;;;НАТО , девяносто _девятый_ , этот разворот;й;ы;т;я;в;е;ANUM;ДЕВЯТЫЙ;A - nom sg plen m -;Й
28156;;,;,;PUNCT;;;;;;;;;;PUNCT;;;
28157;;этот;ЭТОТ;APRO - nom sg plen m -;;;девяносто девятый , _этот_ разворот … ;т;о;т;э;;;APRO;ЭТОТ;A - nom sg plen m -;Т
28158;;разворот;РАЗВОРОТ;S m inan nom sg;;;девятый , этот _разворот_ …  ;т;о;р;о;в;з;S;РАЗВОРОТ;S m inan nom sg;Т
28159;;…;…;PUNCT;;;;;;;;;;PUNCT;;;
28160;;;;;;;;;;;;;;;;;
28161;# sent = 2059;;;;;;;;;;;;;;;;
28162;;Ну;НУ;PART;;;…   _Ну_ , вся эта;у;н;;;;;PART;НУ;PART;У
28163;;,;,;PUNCT;;;;;;;;;;PUNCT;;;
28164;;вся;ВЕСЬ;APRO - nom sg plen f -;;; Ну , _вся_ эта история ,;я;с;в;;;;APRO;ВЕСЬ;A - nom sg plen f -;Ь
28165;;эта;ЭТОТ;APRO - nom sg plen f -;;;Ну , вся _эта_ история , то;а;т;э;;;;APRO;ЭТОТ;A - nom sg plen f -;Т
28166;;история;ИСТОРИЯ;S f inan nom sg;;;, вся эта _история_ , то что;я;и;р;о;т;с;S;ИСТОРИЯ;S f inan nom sg;Я
28167;;,;,;PUNCT;;;;;;;;;;PUNCT;;;
28168;;то;ТО;CONJ;;;эта история , _то_ что помогли .;о;т;;;;;CONJ;ТО;CONJ;О
28169;;что;ЧТО;CONJ;;;история , то _что_ помогли . ;о;т;ч;;;;CONJ;ЧТО;CONJ;О
28170;;помогли;ПОМОЧЬ;V pf praet pl indic - -;;;, то что _помогли_ .  ;и;л;г;о;м;о;V;ПОМОЧЬ;V pf praet pl indic - -;Ь
28171;;.;.;PUNCT;;;;;;;;;;PUNCT;;;
28172;;;;;;;;;;;;;;;;;
28173;# sent = 2060;;;;;;;;;;;;;;;;
28174;;И;И;CONJ;;;.   _И_ поэтому там толпа;и;;;;;;CONJ;И;CONJ;И
28175;;поэтому;ПОЭТОМУ;ADV -;;;  И _поэтому_ там толпа увеличивается;у;м;о;т;э;о;ADV;ПОЭТОМУ;ADV -;У
28176;;там;ТАМ;ADVPRO;;; И поэтому _там_ толпа увеличивается раза;м;а;т;;;;PART;ТАМ;PART;М
28177;;толпа;ТОЛПА;S f inan nom sg;;;И поэтому там _толпа_ увеличивается раза в;а;п;л;о;т;;S;ТОЛПА;S f inan nom sg;А
28178;;увеличивается;УВЕЛИЧИВАТЬСЯ;V ipf praes sg indic - 3p;;;поэтому там толпа _увеличивается_ раза в три;я;с;т;е;а;в;V;УВЕЛИЧИВАТЬСЯ;V ipf praes sg indic - 3p;Я
28179;;раза;РАЗ;S m inan gen sg;;;там толпа увеличивается _раза_ в три и;а;з;а;р;;;S;РАЗ;S m inan gen sg;З
28180;;в;В;PR;;;толпа увеличивается раза _в_ три и все;в;;;;;;PR;В;PR;В
28181;;три;ТРИ;NUM nom - -;;;увеличивается раза в _три_ и все орут;и;р;т;;;;NUM;ТРИ;NUM nom - -;И
28182;;и;И;CONJ;;;раза в три _и_ все орут такие;и;;;;;;CONJ;И;CONJ;И
28183;;все;ВСЕ;S - - nom pl;;;в три и _все_ орут такие :;е;с;в;;;;S;ВСЕ;S - - nom pl;Е
28184;;орут;ОРАТЬ;V ipf praes pl indic - 3p;;;три и все _орут_ такие : «;т;у;р;о;;;V;ОРАТЬ;V ipf praes pl indic - 3p;Ь
28185;;такие;ТАКОЙ;APRO - nom pl plen - anim;;;и все орут _такие_ : « ;е;и;к;а;т;;APRO;ТАКОЙ;A - acc pl plen - inan;Й
28186;;:;:;PUNCT;;;;;;;;;;PUNCT;;;
28187;;«;«;PUNCT;;;;;;;;;;PUNCT;;;
28188;"<distinct form=""";;;;;;;;;;;;;;;;
28189;<dist>;Руссия;;;;;;;;;;;;;;;
28190;""">";;;;;;;;;;;;;;;;
28191;;Россия;РОССИЯ;S f inan nom sg;;; Руссия  _Россия_  , ;я;и;с;с;о;р;S;РОССИЯ;S f inan nom sg;Я
28192;</distinct>;;;;;;;;;;;;;;;;
28193;;,;,;PUNCT;;;;;;;;;;PUNCT;;;
28194;"<distinct form=""";;;;;;;;;;;;;;;;
28195;<dist>;Руссия;;;;;;;;;;;;;;;
28196;""">";;;;;;;;;;;;;;;;
28197;;Россия;РОССИЯ;S f inan nom sg;;; Руссия  _Россия_  ! »;я;и;с;с;о;р;S;РОССИЯ;S f inan nom sg;Я
28198;</distinct>;;;;;;;;;;;;;;;;
28199;;!;!;PUNCT;;;;;;;;;;PUNCT;;;
28200;;»;»;PUNCT;;;;;;;;;;PUNCT;;;
28201;;;;;;;;;;;;;;;;;
28202;# sent = 2061;;;;;;;;;;;;;;;;
28203;;Они;ОНИ;SPRO pl - - nom;;;»   _Они_ выходят . ;и;н;о;;;;SPRO;ОНИ;SPRO pl - - nom;И
28204;;выходят;ВЫХОДИТЬ;V ipf praes pl indic - 3p;;;  Они _выходят_ .  ;т;я;д;о;х;ы;V;ВЫХОДИТЬ;V ipf praes pl indic - 3p;Ь
28205;;.;.;PUNCT;;;;;;;;;;PUNCT;;;
28206;;;;;;;;;;;;;;;;;
28207;# sent = 2062;;;;;;;;;;;;;;;;
28208;;Становятся;СТАНОВИТЬСЯ;V ipf praes pl indic - 3p;;;.   _Становятся_ .  ;я;с;т;я;в;о;V;СТАНОВИТЬСЯ;V ipf praes pl indic - 3p;Я
28209;;.;.;PUNCT;;;;;;;;;;PUNCT;;;
28210;;;;;;;;;;;;;;;;;
28211;# sent = 2063;;;;;;;;;;;;;;;;
28212;;Такие;ТАКОЙ;APRO - acc pl plen - anim;;;.   _Такие_ : « Гоп;е;и;к;а;т;;APRO;ТАКОЙ;A - acc pl plen - inan;Й
28213;;:;:;PUNCT;;;;;;;;;;PUNCT;;;
28214;;«;«;PUNCT;;;;;;;;;;PUNCT;;;
28215;;Гоп;ГОП;INTJ;;;Такие : « _Гоп_ ! » ;п;о;г;;;;INTJ;ГОП;INTJ;П
28216;;!;!;PUNCT;;;;;;;;;;PUNCT;;;
28217;;»;»;PUNCT;;;;;;;;;;PUNCT;;;
28218;;;;;;;;;;;;;;;;;
28219;# sent = 2064;;;;;;;;;;;;;;;;
28220;;И;И;CONJ;;;»   _И_ каждый кланяется ,;и;;;;;;CONJ;И;CONJ;И
28221;;каждый;КАЖДЫЙ;APRO - nom sg plen m -;;;  И _каждый_ кланяется , причем;й;ы;д;ж;а;к;APRO;КАЖДЫЙ;A - nom sg plen m -;Й
28222;;кланяется;КЛАНЯТЬСЯ;V ipf praes sg indic - 3p;;; И каждый _кланяется_ , причем по-своему;я;с;т;е;я;н;V;КЛАНЯТЬСЯ;V ipf praes sg indic - 3p;Я
28223;;,;,;PUNCT;;;;;;;;;;PUNCT;;;
28224;;причем;ПРИЧЕМ;CONJ;;;каждый кланяется , _причем_ по-своему , рассинхронно;м;е;ч;и;р;п;CONJ;ПРИЧЕМ;CONJ;М
28225;;по-своему;ПО-СВОЕМУ;ADV -;;;кланяется , причем _по-своему_ , рассинхронно .;у;м;е;о;в;с;ADV;ПО-СВОЕМУ;ADV -;У
28226;;,;,;PUNCT;;;;;;;;;;PUNCT;;;
28227;;рассинхронно;РАССИНХРОННО;ADV -;;;причем по-своему , _рассинхронно_ .  ;о;н;н;о;р;х;ADV;РАССИНХРОННО;ADV -;О
28228;;.;.;PUNCT;;;;;;;;;;PUNCT;;;
28229;;;;;;;;;;;;;;;;;
28230;# sent = 2065;;;;;;;;;;;;;;;;
28231;;Они;ОНИ;SPRO pl - - nom;;;.   _Они_ поклонились и ушли;и;н;о;;;;SPRO;ОНИ;SPRO pl - - nom;И
28232;;поклонились;ПОКЛОНИТЬСЯ;V pf praet pl indic - -;;;  Они _поклонились_ и ушли .;ь;с;и;л;и;н;V;ПОКЛОНИТЬСЯ;V pf praet pl indic - -;Я
28233;;и;И;CONJ;;; Они поклонились _и_ ушли . ;и;;;;;;CONJ;И;CONJ;И
28234;;ушли;УСЛАТЬ;V pf - sg imper - 2p;;;Они поклонились и _ушли_ .  ;и;л;ш;у;;;V;УСЛАТЬ;V pf - sg imper - 2p;Ь
28235;;.;.;PUNCT;;;;;;;;;;PUNCT;;;
28236;;;;;;;;;;;;;;;;;
28237;# sent = 2066;;;;;;;;;;;;;;;;
28238;;И;И;CONJ;;;.   _И_ я такой …;и;;;;;;CONJ;И;CONJ;И
28239;;я;Я;SPRO sg 1p - nom;;;  И _я_ такой … ;я;;;;;;SPRO;Я;SPRO sg 1p - nom;Я
28240;;такой;ТАКОЙ;APRO - nom sg plen m -;;; И я _такой_ …  ;й;о;к;а;т;;APRO;ТАКОЙ;A - nom sg plen m -;Й
28241;;…;…;PUNCT;;;;;;;;;;PUNCT;;;
28242;;;;;;;;;;;;;;;;;
28243;# sent = 2067;;;;;;;;;;;;;;;;
28244;# speaker = Суф;;;;;;;;;;;;;;;;
28245;# sent = 2068;;;;;;;;;;;;;;;;
28246;;Даже;ДАЖЕ;PART;;;   _Даже_ здесь налажать умудрились;е;ж;а;д;;;PART;ДАЖЕ;PART;Е
28247;;здесь;ЗДЕСЬ;ADVPRO;;;  Даже _здесь_ налажать умудрились ?;ь;с;е;д;з;;ADV;ЗДЕСЬ;ADV -;Ь
28248;;налажать;НАЛАЖАТЬ;V ipf - - inf - -;;; Даже здесь _налажать_ умудрились ? ;ь;т;а;ж;а;л;V;НАЛАЖАТЬ;V ipf - - inf - -;Ь
28249;;умудрились;УМУДРИТЬСЯ;V pf praet pl indic - -;;;Даже здесь налажать _умудрились_ ?  ;ь;с;и;л;и;р;V;УМУДРИТЬСЯ;V pf praet pl indic - -;Я
28250;;?;?;PUNCT;;;;;;;;;;PUNCT;;;
28251;;;;;;;;;;;;;;;;;
28252;# sent = 2069;;;;;;;;;;;;;;;;
28253;;Типа;ТИПА;PART;;;?   _Типа_ ну я понимаю;а;п;и;т;;;PART;ТИПА;PART;А
28254;;ну;НУ;PART;;;  Типа _ну_ я понимаю ,;у;н;;;;;PART;НУ;PART;У
28255;;я;Я;SPRO sg 1p - nom;;; Типа ну _я_ понимаю , но;я;;;;;;SPRO;Я;SPRO sg 1p - nom;Я
28256;;понимаю;ПОНИМАТЬ;V ipf praes sg indic - 1p;;;Типа ну я _понимаю_ , но …;ю;а;м;и;н;о;V;ПОНИМАТЬ;V ipf praes sg indic - 1p;Ь
28257;;,;,;PUNCT;;;;;;;;;;PUNCT;;;
28258;;но;НО;CONJ;;;я понимаю , _но_ … вы серьезно;о;н;;;;;CONJ;НО;CONJ;О
28259;;…;…;PUNCT;;;;;;;;;;PUNCT;;;
28260;;вы;ВЫ;SPRO pl 2p - nom;;;, но … _вы_ серьезно ? ;ы;в;;;;;SPRO;ВЫ;SPRO pl 2p - nom;Ы
28261;;серьезно;СЕРЬЕЗНО;ADV -;;;но … вы _серьезно_ ?  ;о;н;з;е;ь;р;ADV;СЕРЬЕЗНО;ADV -;О
28262;;?;?;PUNCT;;;;;;;;;;PUNCT;;;
28263;;;;;;;;;;;;;;;;;
28264;# sent = 2070;;;;;;;;;;;;;;;;
28265;;Там;ТАМ;PART;;;?   _Там_ даже какие-нибудь ,;м;а;т;;;;ADV;ТАМ;ADV -;М
28266;;даже;ДАЖЕ;PART;;;  Там _даже_ какие-нибудь , ну;е;ж;а;д;;;PART;ДАЖЕ;PART;Е
28267;;какие-нибудь;КАКОЙ-НИБУДЬ;APRO - acc pl plen - inan;;; Там даже _какие-нибудь_ , ну ,;ь;д;у;б;и;н;APRO;КАКОЙ-НИБУДЬ;A - acc pl plen - inan;Ь
28268;;,;,;PUNCT;;;;;;;;;;PUNCT;;;
28269;;ну;НУ;PART;;;даже какие-нибудь , _ну_ , я не;у;н;;;;;PART;НУ;PART;У
28270;;,;,;PUNCT;;;;;;;;;;PUNCT;;;
28271;;я;Я;SPRO sg 1p - nom;;;, ну , _я_ не знаю …;я;;;;;;SPRO;Я;SPRO sg 1p - nom;Я
28272;;не;НЕ;PART;;;ну , я _не_ знаю … ;е;н;;;;;PART;НЕ;PART;Е
28273;;знаю;ЗНАТЬ;V ipf praes sg indic - 1p;;;, я не _знаю_ …  ;ю;а;н;з;;;V;ЗНАТЬ;V ipf praes sg indic - 1p;Ь
28274;;…;…;PUNCT;;;;;;;;;;PUNCT;;;
28275;;;;;;;;;;;;;;;;;
28276;# sent = 2071;;;;;;;;;;;;;;;;
28277;;Индусы;ИНДУС;S m anim nom pl;;;…   _Индусы_ , что ли;ы;с;у;д;н;и;S;ИНДУС;S m anim nom pl;С
28278;;,;,;PUNCT;;;;;;;;;;PUNCT;;;
28279;;что;ЧТО;CONJ;;; Индусы , _что_ ли , были;о;т;ч;;;;CONJ;ЧТО;CONJ;О
28280;;ли;ЛИ;PART;;;Индусы , что _ли_ , были .;и;л;;;;;PART;ЛИ;PART;И
28281;;,;,;PUNCT;;;;;;;;;;PUNCT;;;
28282;;были;БЫТЬ;V ipf praet pl indic - -;;;что ли , _были_ .  ;и;л;ы;б;;;V;БЫТЬ;V ipf praet pl indic - -;Ь
28283;;.;.;PUNCT;;;;;;;;;;PUNCT;;;
28284;;;;;;;;;;;;;;;;;
28285;# sent = 2072;;;;;;;;;;;;;;;;
28286;;Они;ОНИ;SPRO pl - - nom;;;.   _Они_ просто шли хороводом;и;н;о;;;;SPRO;ОНИ;SPRO pl - - nom;И
28287;;просто;ПРОСТО;PART;;;  Они _просто_ шли хороводом и;о;т;с;о;р;п;PART;ПРОСТО;PART;О
28288;;шли;ИДТИ;V ipf praet pl indic - -;;; Они просто _шли_ хороводом и такие;и;л;ш;;;;V;ИДТИ;V ipf praet pl indic - -;И
28289;;хороводом;ХОРОВОД;S m inan ins sg;;;Они просто шли _хороводом_ и такие ;м;о;д;о;в;о;S;ХОРОВОД;S m inan ins sg;Д
28290;;и;И;CONJ;;;просто шли хороводом _и_ такие  щёлкает пальцами;и;;;;;;CONJ;И;CONJ;И
28291;;такие;ТАКОЙ;APRO - nom pl plen - anim;;;шли хороводом и _такие_  щёлкает пальцами ;е;и;к;а;т;;APRO;ТАКОЙ;A - acc pl plen - inan;Й
28292;"<span class=""note"">";;;;;;;;;;;;;;;;
28293;<note>;щёлкает пальцами;;;;;;;;;;;;;;;
28294;</span>;;;;;;;;;;;;;;;;
28295;;Они;ОНИ;SPRO pl - - nom;;; щёлкает пальцами  _Они_ прошли вот эти;и;н;о;;;;SPRO;ОНИ;SPRO pl - - nom;И
28296;;прошли;ПРОЙТИ;V pf praet pl indic - -;;;щёлкает пальцами  Они _прошли_ вот эти свои;и;л;ш;о;р;п;V;ПРОЙТИ;V pf praet pl indic - -;И
28297;;вот;ВОТ;PART;;; Они прошли _вот_ эти свои полторы;т;о;в;;;;PART;ВОТ;PART;Т
28298;;эти;ЭТОТ;APRO - acc pl plen - -;;;Они прошли вот _эти_ свои полторы минуты;и;т;э;;;;APRO;ЭТОТ;A - nom pl plen - -;Т
28299;;свои;СВОЙ;APRO - acc pl plen - -;;;прошли вот эти _свои_ полторы минуты и;и;о;в;с;;;APRO;СВОЙ;A - nom pl plen - -;Й
28300;;полторы;ПОЛТОРА;NUM acc f -;;;вот эти свои _полторы_ минуты и ушли;ы;р;о;т;л;о;NUM;ПОЛТОРА;NUM acc f -;А
28301;;минуты;МИНУТА;S f inan gen sg;;;эти свои полторы _минуты_ и ушли ,;ы;т;у;н;и;м;S;МИНУТА;S f inan gen sg;А
28302;;и;И;CONJ;;;свои полторы минуты _и_ ушли , и;и;;;;;;CONJ;И;CONJ;И
28303;;ушли;УЙТИ;V pf praet pl indic - -;;;полторы минуты и _ушли_ , и наши;и;л;ш;у;;;V;УСЛАТЬ;V pf - sg imper - 2p;И
28304;;,;,;PUNCT;;;;;;;;;;PUNCT;;;
28305;;и;И;CONJ;;;и ушли , _и_ наши … ;и;;;;;;CONJ;И;CONJ;И
28306;;наши;НАШ;APRO - nom pl plen - anim;;;ушли , и _наши_ …  ;и;ш;а;н;;;APRO;НАШ;A - acc pl plen - inan;Ш
28307;;…;…;PUNCT;;;;;;;;;;PUNCT;;;
28308;;;;;;;;;;;;;;;;;
28309;# sent = 2073;;;;;;;;;;;;;;;;
28310;;Не;НЕ;PART;;;…   _Не_ , рассинхронно поклониться;е;н;;;;;PART;НЕ;PART;Е
28311;;,;,;PUNCT;;;;;;;;;;PUNCT;;;
28312;;рассинхронно;РАССИНХРОННО;ADV -;;; Не , _рассинхронно_ поклониться – это;о;н;н;о;р;х;ADV;РАССИНХРОННО;ADV -;О
28313;;поклониться;ПОКЛОНИТЬСЯ;V pf - - inf - -;;;Не , рассинхронно _поклониться_ – это надо;я;с;ь;т;и;н;V;ПОКЛОНИТЬСЯ;V pf - - inf - -;Я
28314;;–;–;PUNCT;;;;;;;;;;PUNCT;;;
28315;;это;ЭТО;SPRO n - nom sg;;;рассинхронно поклониться – _это_ надо уметь ,;о;т;э;;;;SPRO;ЭТО;S n - nom sg;О
28316;;надо;НАДО;PRAEDIC;;;поклониться – это _надо_ уметь , я;о;д;а;н;;;PRAEDIC;НАДО;ADV -;О
28317;;уметь;УМЕТЬ;V ipf - - inf - -;;;– это надо _уметь_ , я понимаю;ь;т;е;м;у;;V;УМЕТЬ;V ipf - - inf - -;Ь
28318;;,;,;PUNCT;;;;;;;;;;PUNCT;;;
28319;;я;Я;SPRO sg 1p - nom;;;надо уметь , _я_ понимаю , ещё;я;;;;;;SPRO;Я;SPRO sg 1p - nom;Я
28320;;понимаю;ПОНИМАТЬ;V ipf praes sg indic - 1p;;;уметь , я _понимаю_ , ещё под;ю;а;м;и;н;о;V;ПОНИМАТЬ;V ipf praes sg indic - 1p;Ь
28321;;,;,;PUNCT;;;;;;;;;;PUNCT;;;
28322;;ещё;ЕЩЕ;ADV -;;;я понимаю , _ещё_ под четкую команду;ё;щ;е;;;;ADV;ЕЩЕ;ADV -;Е
28323;;под;ПОД;PR;;;понимаю , ещё _под_ четкую команду «;д;о;п;;;;PR;ПОД;PR;Д
28324;;четкую;ЧЕТКИЙ;A - acc sg plen f -;;;, ещё под _четкую_ команду « гоп;ю;у;к;т;е;ч;A;ЧЕТКИЙ;A - acc sg plen f -;Й
28325;;команду;КОМАНДА;S f inan acc sg;;;ещё под четкую _команду_ « гоп !;у;д;н;а;м;о;S;КОМАНДА;S f inan acc sg;А
28326;;«;«;PUNCT;;;;;;;;;;PUNCT;;;
28327;;гоп;ГОП;INTJ;;;четкую команду « _гоп_ ! » ,;п;о;г;;;;INTJ;ГОП;INTJ;П
28328;;!;!;PUNCT;;;;;;;;;;PUNCT;;;
28329;;»;»;PUNCT;;;;;;;;;;PUNCT;;;
28330;;,;,;PUNCT;;;;;;;;;;PUNCT;;;
28331;;естественно;ЕСТЕСТВЕННО;PART;;;! » , _естественно_ .  ;о;н;н;е;в;т;PART;ЕСТЕСТВЕННО;PART;О
28332;;.;.;PUNCT;;;;;;;;;;PUNCT;;;
28333;;;;;;;;;;;;;;;;;
28334;# sent = 2074;;;;;;;;;;;;;;;;
28335;;И;И;CONJ;;;.   _И_ уйти . ;и;;;;;;CONJ;И;CONJ;И
28336;;уйти;УЙТИ;V pf - - inf - -;;;  И _уйти_ .  ;и;т;й;у;;;V;УЙТИ;V pf - - inf - -;И
28337;;.;.;PUNCT;;;;;;;;;;PUNCT;;;
28338;;;;;;;;;;;;;;;;;
28339;# sent = 2075;;;;;;;;;;;;;;;;
28340;;Все;ВСЕ;S - - nom pl;;;.   _Все_ … их ждали;е;с;в;;;;S;ВСЕ;S - - nom pl;Е
28341;;…;…;PUNCT;;;;;;;;;;PUNCT;;;
28342;;их;ОНИ;SPRO pl - - acc;;; Все … _их_ ждали … ну;х;и;;;;;SPRO;ОНИ;SPRO pl - - acc;И
28343;;ждали;ЖДАТЬ;V ipf praet pl indic - -;;;Все … их _ждали_ … ну это;и;л;а;д;ж;;V;ЖДАТЬ;V ipf praet pl indic - -;Ь
28344;;…;…;PUNCT;;;;;;;;;;PUNCT;;;
28345;;ну;НУ;PART;;;их ждали … _ну_ это свинство ,;у;н;;;;;PART;НУ;PART;У
28346;;это;ЭТО;SPRO n - nom sg;;;ждали … ну _это_ свинство , ;о;т;э;;;;SPRO;ЭТО;S n - nom sg;О
28347;;свинство;СВИНСТВО;S n inan nom sg;;;… ну это _свинство_ ,  естессно;о;в;т;с;н;и;S;СВИНСТВО;S n inan nom sg;О
28348;;,;,;PUNCT;;;;;;;;;;PUNCT;;;
28349;"<distinct form=""";;;;;;;;;;;;;;;;
28350;<dist>;естессно;;;;;;;;;;;;;;;
28351;""">";;;;;;;;;;;;;;;;
28352;;естественно;ЕСТЕСТВЕННО;PART;;; естессно  _естественно_  . ;о;н;н;е;в;т;ADV;ЕСТЕСТВЕННО;ADV -;О
28353;</distinct>;;;;;;;;;;;;;;;;
28354;;.;.;PUNCT;;;;;;;;;;PUNCT;;;
28355;;;;;;;;;;;;;;;;;
28356;# sent = 2076;;;;;;;;;;;;;;;;
28357;;Вот;ВОТ;PART;;;.   _Вот_ .  ;т;о;в;;;;PART;ВОТ;PART;Т
28358;;.;.;PUNCT;;;;;;;;;;PUNCT;;;
28359;;;;;;;;;;;;;;;;;
28360;# sent = 2077;;;;;;;;;;;;;;;;
28361;;И;И;CONJ;;;.   _И_ потом , уже;и;;;;;;CONJ;И;CONJ;И
28362;;потом;ПОТОМ;ADV -;;;  И _потом_ , уже на;м;о;т;о;п;;ADV;ПОТОМ;ADV -;М
28363;;,;,;PUNCT;;;;;;;;;;PUNCT;;;
28364;;уже;УЖЕ;ADV -;;;И потом , _уже_ на следующий день;е;ж;у;;;;ADV;УЖЕ;ADV -;Е
28365;;на;НА;PR;;;потом , уже _на_ следующий день ,;а;н;;;;;PR;НА;PR;А
28366;;следующий;СЛЕДУЮЩИЙ;A - acc sg plen m inan;;;, уже на _следующий_ день , мы;й;и;щ;ю;у;д;A;СЛЕДУЮЩИЙ;A - acc sg plen m inan;Й
28367;;день;ДЕНЬ;S m inan acc sg;;;уже на следующий _день_ , мы тоже;ь;н;е;д;;;S;ДЕНЬ;S m inan acc sg;Ь
28368;;,;,;PUNCT;;;;;;;;;;PUNCT;;;
28369;;мы;МЫ;SPRO pl 1p - nom;;;следующий день , _мы_ тоже натыкаемся на;ы;м;;;;;SPRO;МЫ;SPRO pl 1p - nom;Ы
28370;;тоже;ТОЖЕ;PART;;;день , мы _тоже_ натыкаемся на толпу;е;ж;о;т;;;PART;ТОЖЕ;PART;Е
28371;;натыкаемся;НАТЫКАТЬСЯ;V ipf praes pl indic - 1p;;;, мы тоже _натыкаемся_ на толпу ,;я;с;м;е;а;к;V;НАТЫКАТЬСЯ;V ipf praes pl indic - 1p;Я
28372;;на;НА;PR;;;мы тоже натыкаемся _на_ толпу , думаем;а;н;;;;;PR;НА;PR;А
28373;;толпу;ТОЛПА;S f inan acc sg;;;тоже натыкаемся на _толпу_ , думаем что;у;п;л;о;т;;S;ТОЛПА;S f inan acc sg;А
28374;;,;,;PUNCT;;;;;;;;;;PUNCT;;;
28375;;думаем;ДУМАТЬ;V ipf praes pl indic - 1p;;;на толпу , _думаем_ что опять они;м;е;а;м;у;д;V;ДУМАТЬ;V ipf praes pl indic - 1p;Ь
28376;;что;ЧТО;CONJ;;;толпу , думаем _что_ опять они .;о;т;ч;;;;CONJ;ЧТО;CONJ;О
28377;;опять;ОПЯТЬ;ADV -;;;, думаем что _опять_ они . ;ь;т;я;п;о;;ADV;ОПЯТЬ;ADV -;Ь
28378;;они;ОНИ;SPRO pl - - nom;;;думаем что опять _они_ .  ;и;н;о;;;;SPRO;ОНИ;SPRO pl - - nom;И
28379;;.;.;PUNCT;;;;;;;;;;PUNCT;;;
28380;;;;;;;;;;;;;;;;;
28381;# sent = 2078;;;;;;;;;;;;;;;;
28382;;Аа;АА;INTJ;;;.   _Аа_ …  ;а;а;;;;;INTJ;АА;NONLEX;А
28383;;…;…;PUNCT;;;;;;;;;;PUNCT;;;
28384;;;;;;;;;;;;;;;;;
28385;# sent = 2079;;;;;;;;;;;;;;;;
28386;;Мотивы;МОТИВ;S m inan nom pl;;;…   _Мотивы_ какие-то были ,;ы;в;и;т;о;м;S;МОТИВ;S m inan nom pl;В
28387;;какие-то;КАКОЙ-ТО;APRO - nom pl plen - -;;;  Мотивы _какие-то_ были , моя;о;т;-;е;и;к;APRO;КАКОЙ-ТО;A - nom pl plen - -;О
28388;;были;БЫТЬ;V ipf praet pl indic - -;;; Мотивы какие-то _были_ , моя тётка;и;л;ы;б;;;V;БЫТЬ;V ipf praet pl indic - -;Ь
28389;;,;,;PUNCT;;;;;;;;;;PUNCT;;;
28390;;моя;МОЙ;APRO - nom sg plen f -;;;какие-то были , _моя_ тётка такая :;я;о;м;;;;APRO;МОЙ;A - nom sg plen f -;Й
28391;;тётка;ТЕТКА;S f anim nom sg;;;были , моя _тётка_ такая : «;а;к;т;ё;т;;S;ТЕТКА;S f anim nom sg;А
28392;;такая;ТАКОЙ;APRO - nom sg plen f -;;;, моя тётка _такая_ : « ;я;а;к;а;т;;APRO;ТАКОЙ;A - nom sg plen f -;Й
28393;;:;:;PUNCT;;;;;;;;;;PUNCT;;;
28394;;«;«;PUNCT;;;;;;;;;;PUNCT;;;
28395;"<distinct form=""";;;;;;;;;;;;;;;;
28396;<dist>;Чё-то;;;;;;;;;;;;;;;
28397;""">";;;;;;;;;;;;;;;;
28398;;Что-то;ЧТО-ТО;SPRO n inan nom sg;;; Чё-то  _Что-то_  , ;о;т;-;о;т;ч;SPRO;ЧТО-ТО;S n - acc sg;О
28399;</distinct>;;;;;;;;;;;;;;;;
28400;;,;,;PUNCT;;;;;;;;;;PUNCT;;;
28401;"<distinct form=""";;;;;;;;;;;;;;;;
28402;<dist>;чё-то;;;;;;;;;;;;;;;
28403;""">";;;;;;;;;;;;;;;;
28404;;что-то;ЧТО-ТО;SPRO n inan nom sg;;; чё-то  _что-то_  еврейское ,;о;т;-;о;т;ч;SPRO;ЧТО-ТО;S n - acc sg;О
28405;</distinct>;;;;;;;;;;;;;;;;
28406;;еврейское;ЕВРЕЙСКИЙ;A - nom sg plen n -;;; что-то  _еврейское_ , видимо ,;е;о;к;с;й;е;A;ЕВРЕЙСКИЙ;A - nom sg plen n -;Й
28407;;,;,;PUNCT;;;;;;;;;;PUNCT;;;
28408;;видимо;ВИДИМО;ADV -;;; еврейское , _видимо_ , какой-то еврейский;о;м;и;д;и;в;ADV;ВИДИМО;ADV -;О
28409;;,;,;PUNCT;;;;;;;;;;PUNCT;;;
28410;;какой-то;КАКОЙ-ТО;APRO - nom sg plen m -;;;, видимо , _какой-то_ еврейский праздник »;о;т;-;й;о;к;APRO;КАКОЙ-ТО;A - nom sg plen m -;О
28411;;еврейский;ЕВРЕЙСКИЙ;A - nom sg plen m -;;;видимо , какой-то _еврейский_ праздник » .;й;и;к;с;й;е;A;ЕВРЕЙСКИЙ;A - nom sg plen m -;Й
28412;;праздник;ПРАЗДНИК;S m inan nom sg;;;, какой-то еврейский _праздник_ » . ;к;и;н;д;з;а;S;ПРАЗДНИК;S m inan nom sg;К
28413;;»;»;PUNCT;;;;;;;;;;PUNCT;;;
28414;;.;.;PUNCT;;;;;;;;;;PUNCT;;;
28415;;;;;;;;;;;;;;;;;
28416;# sent = 2080;;;;;;;;;;;;;;;;
28417;;Тут;ТУТ;PART;;;.   _Тут_ проходит тётка ,;т;у;т;;;;ADV;ТУТ;ADV -;Т
28418;;проходит;ПРОХОДИТЬ;V ipf praes sg indic - 3p;;;  Тут _проходит_ тётка , а;т;и;д;о;х;о;V;ПРОХОДИТЬ;V ipf praes sg indic - 3p;Ь
28419;;тётка;ТЕТКА;S f anim nom sg;;; Тут проходит _тётка_ , а там;а;к;т;ё;т;;S;ТЕТКА;S f anim nom sg;А
28420;;,;,;PUNCT;;;;;;;;;;PUNCT;;;
28421;;а;А;CONJ;;;проходит тётка , _а_ там такие стопырчики;а;;;;;;CONJ;А;CONJ;А
28422;;там;ТАМ;ADVPRO;;;тётка , а _там_ такие стопырчики с;м;а;т;;;;ADV;ТАМ;ADV -;М
28423;;такие;ТАКОЙ;APRO - nom pl plen - -;;;, а там _такие_ стопырчики с раки;е;и;к;а;т;;APRO;ТАКОЙ;A - nom pl plen - -;Й
28424;;стопырчики;СТОПЫРЧИК;S m inan nom pl;;;а там такие _стопырчики_ с раки –;и;к;и;ч;р;ы;S;СТОПЫРЧИК;S m inan acc pl;К
28425;;с;С;PR;;;там такие стопырчики _с_ раки – ну;с;;;;;;PR;С;PR;С
28426;;раки;РАКИ;S m inan ins sg;;;такие стопырчики с _раки_ – ну ,;и;к;а;р;;;S;РАК;S m anim nom pl;И
28427;;–;–;PUNCT;;;;;;;;;;PUNCT;;;
28428;;ну;НУ;PART;;;с раки – _ну_ , это самогонка;у;н;;;;;PART;НУ;PART;У
28429;;,;,;PUNCT;;;;;;;;;;PUNCT;;;
28430;;это;ЭТО;SPRO n - nom sg;;;– ну , _это_ самогонка , я;о;т;э;;;;SPRO;ЭТО;S n - nom sg;О
28431;;самогонка;САМОГОНКА;S f inan nom sg;anom;;ну , это _самогонка_ , я уже;а;к;н;о;г;о;S;САМОГОНКА;S f inan nom sg;А
28432;;,;,;PUNCT;;;;;;;;;;PUNCT;;;
28433;;я;Я;SPRO sg 1p - nom;;;это самогонка , _я_ уже сказал –;я;;;;;;SPRO;Я;SPRO sg 1p - nom;Я
28434;;уже;УЖЕ;ADV -;;;самогонка , я _уже_ сказал – халявно;е;ж;у;;;;ADV;УЖЕ;ADV -;Е
28435;;сказал;СКАЗАТЬ;V pf praet sg indic m -;;;, я уже _сказал_ – халявно .;л;а;з;а;к;с;V;СКАЗАТЬ;V pf praet sg indic m -;Ь
28436;;–;–;PUNCT;;;;;;;;;;PUNCT;;;
28437;;халявно;ХАЛЯВНО;ADV -;;;уже сказал – _халявно_ .  ;о;н;в;я;л;а;ADV;ХАЛЯВНО;ADV -;О
28438;;.;.;PUNCT;;;;;;;;;;PUNCT;;;
28439;;;;;;;;;;;;;;;;;
28440;# sent = 2081;;;;;;;;;;;;;;;;
28441;;Я;Я;SPRO sg 1p - nom;;;.   _Я_ такой : «;я;;;;;;SPRO;Я;SPRO sg 1p - nom;Я
28442;;такой;ТАКОЙ;APRO - nom sg plen m -;;;  Я _такой_ : « не;й;о;к;а;т;;APRO;ТАКОЙ;A - nom sg plen m -;Й
28443;;:;:;PUNCT;;;;;;;;;;PUNCT;;;
28444;;«;«;PUNCT;;;;;;;;;;PUNCT;;;
28445;;не;НЕ;PART;;;такой : « _не_ , пардон ,;е;н;;;;;PART;НЕ;PART;Е
28446;;,;,;PUNCT;;;;;;;;;;PUNCT;;;
28447;;пардон;ПАРДОН;INTJ;;;« не , _пардон_ , халявное бухло;н;о;д;р;а;п;S;ПАРДОН;S m inan acc sg;Н
28448;;,;,;PUNCT;;;;;;;;;;PUNCT;;;
28449;;халявное;ХАЛЯВНЫЙ;A - nom sg plen n -;;;, пардон , _халявное_ бухло – это;е;о;н;в;я;л;A;ХАЛЯВНЫЙ;A - acc sg plen n -;Й
28450;;бухло;БУХЛО;S n inan nom sg;;;пардон , халявное _бухло_ – это не;о;л;х;у;б;;S;БУХЛО;S m inan nom sg;О
28451;;–;–;PUNCT;;;;;;;;;;PUNCT;;;
28452;;это;ЭТО;SPRO n - nom sg;;;халявное бухло – _это_ не … не;о;т;э;;;;SPRO;ЭТО;S n - nom sg;О
28453;;не;НЕ;PART;;;бухло – это _не_ … не признак;е;н;;;;;PART;НЕ;PART;Е
28454;;…;…;PUNCT;;;;;;;;;;PUNCT;;;
28455;;не;НЕ;PART;;;это не … _не_ признак еврейских праздников;е;н;;;;;PART;НЕ;PART;Е
28456;;признак;ПРИЗНАК;S m inan nom sg;;;не … не _признак_ еврейских праздников »;к;а;н;з;и;р;S;ПРИЗНАК;S m inan nom sg;К
28457;;еврейских;ЕВРЕЙСКИЙ;A - gen pl plen - -;;;… не признак _еврейских_ праздников » .;х;и;к;с;й;е;A;ЕВРЕЙСКИЙ;A - gen pl plen - -;Й
28458;;праздников;ПРАЗДНИК;S m inan gen pl;;;не признак еврейских _праздников_ » . ;в;о;к;и;н;д;S;ПРАЗДНИК;S m inan gen pl;К
28459;;»;»;PUNCT;;;;;;;;;;PUNCT;;;
28460;;.;.;PUNCT;;;;;;;;;;PUNCT;;;
28461;;;;;;;;;;;;;;;;;
28462;# sent = 2082;;;;;;;;;;;;;;;;
28463;# speaker = Суф;;;;;;;;;;;;;;;;
28464;# sent = 2083;;;;;;;;;;;;;;;;
28465;;Вот;ВОТ;PART;;;   _Вот_ …  ;т;о;в;;;;PART;ВОТ;PART;Т
28466;;…;…;PUNCT;;;;;;;;;;PUNCT;;;
28467;;;;;;;;;;;;;;;;;
28468;# sent = 2084;;;;;;;;;;;;;;;;
28469;;Там;ТАМ;ADVPRO;;;…   _Там_ ещё козинаки вкусные;м;а;т;;;;ADV;ТАМ;ADV -;М
28470;;ещё;ЕЩЕ;ADV -;;;  Там _ещё_ козинаки вкусные пораздавали;ё;щ;е;;;;ADV;ЕЩЕ;ADV -;Е
28471;;козинаки;КОЗИНАК;S m inan acc pl;;; Там ещё _козинаки_ вкусные пораздавали ,;и;к;а;н;и;з;S;КОЗИНАК;S m inan acc pl;К
28472;;вкусные;ВКУСНЫЙ;A - acc pl plen - -;;;Там ещё козинаки _вкусные_ пораздавали , вот;е;ы;н;с;у;к;A;ВКУСНЫЙ;A - nom pl plen - -;Й
28473;;пораздавали;ПОРАЗДАВАТЬ;V ipf praet pl indic - -;;;ещё козинаки вкусные _пораздавали_ , вот …;и;л;а;в;а;д;V;ПОРАЗДАВАТЬ;V ipf praet pl indic - -;Ь
28474;;,;,;PUNCT;;;;;;;;;;PUNCT;;;
28475;;вот;ВОТ;PART;;;вкусные пораздавали , _вот_ …  ;т;о;в;;;;PART;ВОТ;PART;Т
28476;;…;…;PUNCT;;;;;;;;;;PUNCT;;;
28477;;;;;;;;;;;;;;;;;
28478;# sent = 2085;;;;;;;;;;;;;;;;
28479;;Потом;ПОТОМ;ADV -;;;…   _Потом_ выяснилось , что;м;о;т;о;п;;ADV;ПОТОМ;ADV -;М
28480;;выяснилось;ВЫЯСНИТЬСЯ;PRAEDIC;;;  Потом _выяснилось_ , что это;ь;с;о;л;и;н;V;ВЫЯСНИТЬСЯ;V pf praet sg indic n -;Я
28481;;,;,;PUNCT;;;;;;;;;;PUNCT;;;
28482;;что;ЧТО;CONJ;;;Потом выяснилось , _что_ это просто цепочка;о;т;ч;;;;CONJ;ЧТО;CONJ;О
28483;;это;ЭТО;SPRO n - nom sg;;;выяснилось , что _это_ просто цепочка из;о;т;э;;;;SPRO;ЭТО;S n - nom sg;О
28484;;просто;ПРОСТО;PART;;;, что это _просто_ цепочка из всех;о;т;с;о;р;п;PART;ПРОСТО;PART;О
28485;;цепочка;ЦЕПОЧКА;S f inan nom sg;;;что это просто _цепочка_ из всех стран;а;к;ч;о;п;е;S;ЦЕПОЧКА;S f inan nom sg;А
28486;;из;ИЗ;PR;;;это просто цепочка _из_ всех стран ,;з;и;;;;;PR;ИЗ;PR;З
28487;;всех;ВЕСЬ;APRO - gen pl plen - -;;;просто цепочка из _всех_ стран , они;х;е;с;в;;;APRO;ВЕСЬ;A - gen pl plen - -;Ь
28488;;стран;СТРАНА;S f inan gen pl;;;цепочка из всех _стран_ , они в;н;а;р;т;с;;S;СТРАНА;S f inan gen pl;А
28489;;,;,;PUNCT;;;;;;;;;;PUNCT;;;
28490;;они;ОНИ;SPRO pl - - nom;;;всех стран , _они_ в Белграде нашли;и;н;о;;;;SPRO;ОНИ;SPRO pl - - nom;И
28491;;в;В;PR;;;стран , они _в_ Белграде нашли себе;в;;;;;;PR;В;PR;В
28492;;Белграде;БЕЛГРАД;S m inan loc sg;;;, они в _Белграде_ нашли себе уголки;е;д;а;р;г;л;S;БЕЛГРАД;S m inan loc sg;Д
28493;;нашли;НАСЛАТЬ;V pf - sg imper - 2p;;;они в Белграде _нашли_ себе уголки ,;и;л;ш;а;н;;V;НАСЛАТЬ;V pf - sg imper - 2p;Ь
28494;;себе;СЕБЯ;SPRO - - - dat;;;в Белграде нашли _себе_ уголки , типа;е;б;е;с;;;SPRO;СЕБЯ;SPRO - - - dat;Я
28495;;уголки;УГОЛОК;S m inan acc pl;;;Белграде нашли себе _уголки_ , типа точку;и;к;л;о;г;у;S;УГОЛОК;S m inan acc pl;К
28496;;,;,;PUNCT;;;;;;;;;;PUNCT;;;
28497;;типа;ТИПА;PART;;;себе уголки , _типа_ точку застолбили ,;а;п;и;т;;;PART;ТИПА;PART;А
28498;;точку;ТОЧКА;S f inan acc sg;;;уголки , типа _точку_ застолбили , вот;у;к;ч;о;т;;S;ТОЧКА;S f inan acc sg;А
28499;;застолбили;ЗАСТОЛБИТЬ;V pf praet pl indic - -;;;, типа точку _застолбили_ , вот .;и;л;и;б;л;о;V;ЗАСТОЛБИТЬ;V pf praet pl indic - -;Ь
28500;;,;,;PUNCT;;;;;;;;;;PUNCT;;;
28501;;вот;ВОТ;PART;;;точку застолбили , _вот_ .  ;т;о;в;;;;PART;ВОТ;PART;Т
28502;;.;.;PUNCT;;;;;;;;;;PUNCT;;;
28503;;;;;;;;;;;;;;;;;
28504;# sent = 2086;;;;;;;;;;;;;;;;
28505;;Держат;ДЕРЖАТЬ;V ipf praes pl indic - 3p;;;.   _Держат_ район , так;т;а;ж;р;е;д;V;ДЕРЖАТЬ;V ipf praes pl indic - 3p;Ь
28506;;район;РАЙОН;S m inan nom sg;;;  Держат _район_ , так сказать;н;о;й;а;р;;S;РАЙОН;S m inan nom sg;Н
28507;;,;,;PUNCT;;;;;;;;;;PUNCT;;;
28508;;так;ТАК;ADV -;;;Держат район , _так_ сказать . ;к;а;т;;;;ADV;ТАК;ADV -;К
28509;;сказать;СКАЗАТЬ;V pf - - inf - -;;;район , так _сказать_ .  ;ь;т;а;з;а;к;V;СКАЗАТЬ;V pf - - inf - -;Ь
28510;;.;.;PUNCT;;;;;;;;;;PUNCT;;;
28511;;;;;;;;;;;;;;;;;
28512;# sent = 2087;;;;;;;;;;;;;;;;
28513;;В;В;PR;;;.   _В_ общем , там;в;;;;;;PR;В;PR;В
28514;;общем;ОБЩИЙ;A - loc sg plen m -;;;  В _общем_ , там танцуют;м;е;щ;б;о;;A;ОБЩИЙ;A - loc sg plen m -;Й
28515;;,;,;PUNCT;;;;;;;;;;PUNCT;;;
28516;;там;ТАМ;ADVPRO;;;В общем , _там_ танцуют , все;м;а;т;;;;ADV;ТАМ;ADV -;М
28517;;танцуют;ТАНЦЕВАТЬ;V ipf praes pl indic - 3p;;;общем , там _танцуют_ , все дела;т;ю;у;ц;н;а;V;ТАНЦЕВАТЬ;V ipf praes pl indic - 3p;Ь
28518;;,;,;PUNCT;;;;;;;;;;PUNCT;;;
28519;;все;ВЕСЬ;APRO - nom pl plen - -;;;там танцуют , _все_ дела . ;е;с;в;;;;APRO;ВЕСЬ;A - nom pl plen - -;Ь
28520;;дела;ДЕЛО;S n inan nom pl;;;танцуют , все _дела_ .  ;а;л;е;д;;;S;ДЕЛО;S n inan nom pl;О
28521;;.;.;PUNCT;;;;;;;;;;PUNCT;;;
28522;;;;;;;;;;;;;;;;;
28523;# sent = 2088;;;;;;;;;;;;;;;;
28524;;Ааах;АААХ;INTJ;;;.   _Ааах_ .  ;х;а;а;а;;;INTJ;АААХ;S m anim nom sg;Х
28525;;.;.;PUNCT;;;;;;;;;;PUNCT;;;
28526;;;;;;;;;;;;;;;;;
28527;# sent = 2089;;;;;;;;;;;;;;;;
28528;#  #;;;;;;;;;;;;;;;;
28528;#  #;;;;;;;;;;;;;;;;
28528;#  #;;;;;;;;;;;;;;;;
28528;#  #;;;;;;;;;;;;;;;;
28528;#  #;;;;;;;;;;;;;;;;
28528;#  #;;;;;;;;;;;;;;;;
28528;#  #;;;;;;;;;;;;;;;;
28528;#  #;;;;;;;;;;;;;;;;
